域,信号,口径,形态,K,tilt,gross,te,tw,n,net13,ir13,net20,ir20,net25,ir25
csi1000,对称,原始,exclude,0.1,1.0,0.07058859454991762,0.01681786845707538,0.04290430426324045,484,0.05709090042870218,3.398969840199313,0.04982291128650924,2.9634809544064455,0.04463149047065715,2.6510806192465304
csi1000,对称,原始,exclude,0.2,1.0,0.09281373395060655,0.025841427383419987,0.07553223948290848,484,0.06905129140928354,2.6748223756570138,0.05625613004087884,2.1788937030895466,0.04711672906344691,1.8242097694949708
csi1000,对称,原始,exclude,0.3,1.0,0.11764382745604962,0.03367243187786631,0.10671835395740727,484,0.08407023330104929,2.4975233660903764,0.06599214414066451,1.960032568941703,0.05307922331181823,1.5759881666348947
csi1000,对称,原始,exclude,0.4,1.0,0.14108331786701456,0.04108947722308773,0.13948736238159457,484,0.09720059366176492,2.3646044996700715,0.07357143447432278,1.7888620376942086,0.05669346362614984,1.377807668686609
csi1000,对称,原始,tilt,0.2,1.5,0.1010781859300876,0.029388581996166417,0.09453851324937278,484,0.07133636966183493,2.427028994534731,0.05532154551739118,1.8810750347937337,0.04388238541421706,1.4911709967877476
csi1000,对称,原始,tilt,0.2,2.0,0.10790931057398838,0.0328569717128166,0.11088074028466034,484,0.07302622968043423,2.220833800585791,0.05424303227621277,1.6482248443308978,0.04082646270176889,1.2395820197676493
csi1000,对称,原始,tilt,0.3,1.5,0.1243690889728015,0.03787843140760751,0.12511738686687313,484,0.08500715906448322,2.2432351108979796,0.06381227372923493,1.6830263380088075,0.048673069918343276,1.2830788511191555
csi1000,对称,原始,tilt,0.3,2.0,0.12926162877670513,0.041347756047358165,0.13939725149878512,484,0.08540725345518736,2.0639112154524484,0.061793359051293156,1.4922248514357788,0.04492629161994016,1.0842445755818804
csi1000,对称,原始,topn,0.3,1.0,0.16044089982460719,0.06727002566269301,0.23196378520556452,484,0.0874650929989366,1.2984163087126301,0.04817042778511397,0.7144140233118645,0.020102809775240663,0.2979178226936538
csi1000,对称,原始,topn,0.5,1.0,0.11581841872975929,0.04939116663127255,0.16197422240968906,484,0.06486132835967112,1.3119765691764453,0.03742289508346978,0.7564025889064313,0.017824014171897405,0.3600353143723303
csi1000,对称,中性化,exclude,0.1,1.0,0.05938380687183259,0.010712710391974993,0.04242509542939457,483,0.04603687184974506,4.2688245553783,0.03885006068400563,3.577173552801178,0.03371662413704888,3.084604165314964
csi1000,对称,中性化,exclude,0.2,1.0,0.07291388869893932,0.015675410541182364,0.07463068911479523,483,0.049435073903424734,3.141124320497454,0.03679263516737843,2.3291265254965654,0.027762321784488203,1.7516435548808527
csi1000,对称,中性化,exclude,0.3,1.0,0.08781486949073557,0.02026430492412175,0.10645026267974042,483,0.05432561685168922,2.679886509493895,0.0362929423537412,1.7882439265893484,0.023412460569492605,1.1521510380110063
csi1000,对称,中性化,exclude,0.4,1.0,0.10973689650318212,0.024929972594585417,0.1429886083263641,483,0.06475268032370797,2.6001796738966383,0.04053041007322189,1.62741166642869,0.02322878846573183,0.9323988263915409
csi1000,对称,中性化,tilt,0.2,1.5,0.07332115922759345,0.017172661393298257,0.10149524195775733,483,0.04139075610768299,2.403533913706121,0.0241974621200389,1.4012156843660284,0.011916537843150263,0.6883118530539519
csi1000,对称,中性化,tilt,0.2,2.0,0.07366642501433875,0.019269927503259277,0.12399826091308437,483,0.0346565721310824,1.7950242859535288,0.013651266732405904,0.7055992542684806,-0.0013525228380773034,-0.0697745416885362
csi1000,对称,中性化,tilt,0.3,1.5,0.08712573769102101,0.02214258869793847,0.13344133884861542,483,0.04514509248924661,2.0372111611119843,0.022540129688291163,1.0159089405513055,0.006393727687608696,0.28782667880477275
csi1000,对称,中性化,tilt,0.3,2.0,0.08666239908886303,0.024038046325174138,0.15379394080448042,483,0.03827882531177349,1.5907546886185429,0.012226131739494512,0.5074496337153401,-0.006382935097847617,-0.26461386528127623
csi1000,对称,中性化,topn,0.3,1.0,0.08437446518244383,0.0396163400669727,0.2744319881307037,483,-0.0019618382834755265,-0.04946324327439338,-0.048450617072816726,-1.2202782481230352,-0.08165688763663187,-2.054680269484047
csi1000,对称,中性化,topn,0.5,1.0,0.08029606897291375,0.02868934614881137,0.185380464735716,483,0.021975374767057496,0.7647531557299925,-0.009428075959172794,-0.3276302363076799,-0.03185911219219442,-1.1057134173152736
csi1000,下尾,原始,exclude,0.1,1.0,0.0691980634292122,0.024564926715746116,0.0472127664716237,484,0.05434492709723939,2.2117249889405493,0.046347084456946325,1.8845596201812385,0.04063433971387986,1.6506984269569203
csi1000,下尾,原始,exclude,0.2,1.0,0.10000253553153016,0.03730388345109449,0.07024320979321988,484,0.0779040217305832,2.0873658349432054,0.06600482199161173,1.7675365682187398,0.05750539360663213,1.5391050959920556
csi1000,下尾,原始,exclude,0.3,1.0,0.12355124624446034,0.04724574758179552,0.09077258977045828,484,0.09499418950267416,2.0092235501879165,0.07961731279555853,1.6830189052606508,0.06863382943333307,1.4501237369158373
csi1000,下尾,原始,exclude,0.4,1.0,0.14593181948293932,0.05662504055761065,0.11090390730214386,484,0.11104145024568488,1.9595767713016499,0.09225432834870168,1.6271702331491136,0.07883495556514228,1.3898687487019892
csi1000,下尾,原始,tilt,0.2,1.5,0.10652170428498459,0.041798814322123345,0.07790442750849118,484,0.08201297139081327,1.9606685373726234,0.06881596137087487,1.6441392937122978,0.05938952564234744,1.4181459504813065
csi1000,下尾,原始,tilt,0.2,2.0,0.11199109852949221,0.04588546732031463,0.08461743701397105,484,0.08537045284489692,1.8589212428072162,0.07103625901473021,1.545786252377332,0.06079754913603974,1.3222594517355062
csi1000,下尾,原始,tilt,0.3,1.5,0.12923027659021574,0.052635295165126626,0.0962521791853372,484,0.09894934101850864,1.878128193996288,0.08264422186451251,1.5676131073803061,0.0709977081830867,1.345980659812427
csi1000,下尾,原始,tilt,0.3,2.0,0.13340154972299595,0.05685012043572804,0.1007865693317271,484,0.10169409501123461,1.7869153482264257,0.08462085016644003,1.4858768408545406,0.07242567527730105,1.2710372002690522
csi1000,下尾,原始,topn,0.3,1.0,0.1606762949959375,0.08698591325191223,0.13603564250238268,484,0.11787948186468791,1.3535137427688682,0.09483504402478428,1.0881303051405566,0.07837473128199599,0.8987785257070601
csi1000,下尾,原始,topn,0.5,1.0,0.1180435506394133,0.06679033873128111,0.10649440058340126,484,0.08454041221587527,1.2653378974007787,0.0665002607570471,0.9950483188543688,0.05361443828645554,0.8020422159633354
csi1000,下尾,中性化,exclude,0.1,1.0,0.03681545564000963,0.009974132559663545,0.047059771277841646,483,0.02201045159600065,2.2045649475130955,0.014038526341534274,1.3998287938850456,0.008344294016915436,0.8280255849202325
csi1000,下尾,中性化,exclude,0.2,1.0,0.05815027467141219,0.017924429485786753,0.07898243042472096,483,0.03330240205979497,1.8579053071200133,0.01992277834584725,1.110120592032243,0.010365904264456011,0.5768028345954268
csi1000,下尾,中性化,exclude,0.3,1.0,0.07705626393018548,0.024701561624033436,0.10852353146421076,483,0.04291476093154479,1.7379173216607708,0.02453087470150748,0.9929811181408452,0.011399527394337975,0.4611677737482473
csi1000,下尾,中性化,exclude,0.4,1.0,0.09023332516021648,0.03120522207191734,0.13799013096631854,483,0.04682162995821267,1.500889548155264,0.023446101772518307,0.7513796025899555,0.006749295925593767,0.21621597964213168
csi1000,下尾,中性化,tilt,0.2,1.5,0.06136559951904775,0.020738157867028213,0.09769479989597432,483,0.03063081547177423,1.4756054398931049,0.014081316369396175,0.6774116926331465,0.0022602455819832816,0.10858620591614958
csi1000,下尾,中性化,tilt,0.2,2.0,0.06398628356152808,0.02348720192773117,0.11380810367552309,483,0.028182254145208502,1.198074635227661,0.008903161382574899,0.37792373236340066,-0.004867619162163394,-0.20634280679922487
csi1000,下尾,中性化,tilt,0.3,1.5,0.07844982704892849,0.027975026347567027,0.12675730630757343,483,0.03857197848456588,1.378869134796955,0.01709929079606294,0.6109934692457065,0.0017616567328465572,0.06291508606542344
csi1000,下尾,中性化,tilt,0.3,2.0,0.07946538727701664,0.030670838794748998,0.1410341419777327,483,0.035096046210821935,1.1441818596024014,0.01120486255979402,0.365134248717325,-0.00586026861951164,-0.19087731141625922
csi1000,下尾,中性化,topn,0.3,1.0,0.08594478654700975,0.05022805221584093,0.23435915601329413,483,0.012215396065227415,0.24303320766581565,-0.027485044963424615,-0.5465080677651518,-0.0558425028410332,-1.1097843398920266
csi1000,下尾,中性化,topn,0.5,1.0,0.0766573922703087,0.03768875200840947,0.1663366198490127,483,0.024327891665809304,0.6451559689844556,-0.0038495317366134575,-0.10202660168877929,-0.02397626273834399,-0.6351096525269719
gz2000,对称,原始,exclude,0.1,1.0,0.07842083275318146,0.011964513788115607,0.07386907964380471,484,0.0551816202972405,4.6045287518772,0.04266819820557998,3.5486960987289136,0.03373003956867961,2.795922160499257
gz2000,对称,原始,exclude,0.2,1.0,0.1060179237902048,0.019493879440670592,0.09850817338497417,484,0.07502725244329193,3.841534728061217,0.05833996787187731,2.981316664482261,0.046420478892295426,2.36797806174476
gz2000,对称,原始,exclude,0.3,1.0,0.12029146563145333,0.026583598996915918,0.12764938694097105,484,0.08013296849982382,3.0091583262005757,0.05850916235202334,2.193821021316487,0.04306358653216584,1.6125453525923858
gz2000,对称,原始,exclude,0.4,1.0,0.14236833558243234,0.03340510376114376,0.1593059951025902,484,0.09225066952315746,2.754562196864171,0.0652642339527787,1.945276795071885,0.04598820854536527,1.3687386262213854
gz2000,对称,原始,tilt,0.2,1.5,0.11110797190852276,0.02302725915831679,0.11586158713663935,484,0.07465791659533604,3.2362400051673776,0.055030963734389315,2.3815058410864873,0.04101171169085596,1.7722033107221147
gz2000,对称,原始,tilt,0.2,2.0,0.11526412197051202,0.02649806137132193,0.13098728654926048,484,0.07405552162211468,2.789729198590302,0.05186627528066995,1.950900405768228,0.036016813608209436,1.3529712030499723
gz2000,对称,原始,tilt,0.3,1.5,0.12447956798702532,0.030985836278085346,0.14349626865481274,484,0.07933564186822123,2.5564932878897446,0.05502737395809596,1.7709691498461653,0.0376643254508636,1.2108592106886915
gz2000,对称,原始,tilt,0.3,2.0,0.12750833806050377,0.03454361299260997,0.15615838271595778,484,0.07838091085806347,2.265682238640274,0.051927680825980226,1.499266301535494,0.033032516517349335,0.9527721115833445
gz2000,对称,原始,topn,0.3,1.0,0.1467162636545254,0.059735755131659976,0.23565842759966005,484,0.07257812233167232,1.21366962112551,0.03265758469628992,0.5456320543797248,0.004142914956731077,0.0691668088120384
gz2000,对称,原始,topn,0.5,1.0,0.11651663602970075,0.0430600943737401,0.17323296472064859,484,0.062017545328584715,1.4398466526795406,0.03267188110490685,0.7581812945817442,0.011710692373708368,0.2716304337196386
gz2000,对称,中性化,exclude,0.1,1.0,0.06952203702488643,0.008147817502112372,0.07738893339359247,483,0.04517547857926225,5.499308699542281,0.03206579326238768,3.867184612088291,0.02270173232176299,2.714279204563219
gz2000,对称,中性化,exclude,0.2,1.0,0.09465077842077661,0.012422972022994442,0.11135549370266236,483,0.05961834010191903,4.782220401037785,0.04075471946868803,3.255461638974951,0.027280704730665878,2.1705963211429355
gz2000,对称,中性化,exclude,0.3,1.0,0.10595249653385092,0.015865709401790856,0.14911534683911265,483,0.05904080841826608,3.7121470239818217,0.0337806686637204,2.117764397768504,0.01573771169618777,0.9839178402588286
gz2000,对称,中性化,exclude,0.4,1.0,0.11903388190021022,0.019315908997851912,0.18949326160532368,483,0.05941930179917537,3.0708205899790815,0.027319143283233538,1.4087874921263925,0.004390458628989366,0.2259344286866648
gz2000,对称,中性化,tilt,0.2,1.5,0.09412184868295262,0.013244602693511506,0.136503346030882,483,0.051177896021637144,3.851815866594306,0.028054229204005736,2.1036240123959757,0.011537324334269013,0.8621004665862685
gz2000,对称,中性化,tilt,0.2,2.0,0.09372317549141429,0.014625369882011161,0.15814492708382386,483,0.0439707814308433,2.998520121842708,0.017181030782843533,1.1679837219884812,-0.001954505394299152,-0.13247909126343385
gz2000,对称,中性化,tilt,0.3,1.5,0.10247529837111585,0.017058971729924592,0.17443408588852613,483,0.047598334950585554,2.78546977224678,0.01804920080106923,1.0538367165361466,-0.0030573235914424317,-0.17811410166000025
gz2000,对称,中性化,tilt,0.3,2.0,0.1000911118567605,0.018427644944562015,0.1941310676811148,483,0.03901747796428178,2.1146074994132578,0.006131675099100942,0.3316828962332672,-0.01735818409031395,-0.9372065369306812
gz2000,对称,中性化,topn,0.3,1.0,0.08795888765725185,0.0319801167051449,0.3109953491564611,483,-0.00988024918737083,-0.30954910678938147,-0.06256286133447535,-1.9606686519263061,-0.10019329858240714,-3.1396087645209163
gz2000,对称,中性化,topn,0.5,1.0,0.08923201972240771,0.024973229630943002,0.22809813600749088,483,0.017472346134451085,0.7021556585792194,-0.021167478105217876,-0.8515257139438229,-0.04876735256212426,-1.9624895075216435
gz2000,下尾,原始,exclude,0.1,1.0,0.06853053616941907,0.015215994956348072,0.07415696310412585,484,0.04520075557686108,2.96412927640866,0.032638566027022156,2.1346898993843557,0.023665573491422932,1.5439472432040475
gz2000,下尾,原始,exclude,0.2,1.0,0.09493959161045495,0.02515007165022305,0.09375027426865401,484,0.0654457553255364,2.5987707519987286,0.04956445886442641,1.9656542518143651,0.038220675677919286,1.5140500836018844
gz2000,下尾,原始,exclude,0.3,1.0,0.11478511830500793,0.033281277022373934,0.1115379389252247,484,0.07969528271913223,2.39016529982759,0.060800755865199174,1.8210542689556943,0.047304665255246986,1.4152712642653393
gz2000,下尾,原始,exclude,0.4,1.0,0.13405853701988235,0.040849469342681764,0.13158197032772984,484,0.09266284915477854,2.264155210299958,0.07037286338126111,1.7173465264581123,0.0544514449716058,1.3274680028380794
gz2000,下尾,原始,tilt,0.2,1.5,0.1014406177598417,0.029586383306825562,0.10335426788380304,484,0.06892536508359726,2.326713630669138,0.05141715210408103,1.733840287070756,0.03891128569014086,1.31091298145786
gz2000,下尾,原始,tilt,0.2,2.0,0.10669563545812241,0.033548472418522206,0.11173721221376705,484,0.07154310849567129,2.1299956568026706,0.052614824746659156,1.5649823498290094,0.03909462206879334,1.1619026310613005
gz2000,下尾,原始,tilt,0.3,1.5,0.11850289708011069,0.03832851302484778,0.11875749278258112,484,0.08114178985071069,2.113656703724238,0.061024270573341435,1.587868533397285,0.04665461394664913,1.2128846518969403
gz2000,下尾,原始,tilt,0.3,2.0,0.12117853518650844,0.04219442723941925,0.12471548420370708,484,0.08194304385602219,1.939264754584893,0.0608162408319142,1.4378799738310857,0.045725667243265655,1.0802497897510448
gz2000,下尾,原始,topn,0.3,1.0,0.13791329503874294,0.06767318491243421,0.1624064310161763,484,0.08682023184105388,1.2822897406500053,0.05930858242691361,0.875620723486371,0.0396574042739563,0.5853055098481857
gz2000,下尾,原始,topn,0.5,1.0,0.11060739935783204,0.0508180253524804,0.1251984117840087,484,0.0712199790105829,1.4005314407174354,0.05001136805437182,0.9829338281794525,0.03486236022850677,0.6848737797316622
gz2000,下尾,中性化,exclude,0.1,1.0,0.05258439203542773,0.008024351988661789,0.0810771656578134,483,0.027077515719479636,3.3410603816003945,0.013343043857046051,1.6295242394880323,0.0035327068124506363,0.42742645723736344
gz2000,下尾,中性化,exclude,0.2,1.0,0.07363789873274802,0.014759344257571264,0.11068910123908061,483,0.038815107482933264,2.62266064735142,0.020064373733033016,1.3516448277621325,0.006670992483104258,0.4481436129493355
gz2000,下尾,中性化,exclude,0.3,1.0,0.09004569570360392,0.021314633144233007,0.13903338322229195,483,0.04630579334187088,2.1687566036490544,0.022753538224014613,1.0638706520195482,0.00593049885411729,0.2768626088949183
gz2000,下尾,中性化,exclude,0.4,1.0,0.10798959219230504,0.02715019252082447,0.16800281985513196,483,0.05513590506588053,2.0273947438489075,0.02667622738242118,0.9795250730045024,0.00634788617995021,0.23280263736651766
gz2000,下尾,中性化,tilt,0.2,1.5,0.07765446474044384,0.017189230706840596,0.1309480566031958,483,0.03645820613307844,2.116400042565684,0.014275605344497065,0.8268211927208137,-0.001569109504489619,-0.09069102654846097
gz2000,下尾,中性化,tilt,0.2,2.0,0.08091371424203118,0.01949285093382844,0.14839578592721892,483,0.03422839998932811,1.7527263235330564,0.009090153853257238,0.464617675357112,-0.008865736243936254,-0.45238420575061905
gz2000,下尾,中性化,tilt,0.3,1.5,0.09216850011094219,0.024201043794023977,0.15762551937191044,483,0.04257951171653915,1.757254693116804,0.01587774873493752,0.6544678115351815,-0.0031949391090636404,-0.13154504347672358
gz2000,下尾,中性化,tilt,0.3,2.0,0.09373226843140725,0.026566753365551542,0.1722554600240682,483,0.0395407007078354,1.4867160501609697,0.010360625779758255,0.38914046744898634,-0.010482284883154006,-0.3933306699169081
gz2000,下尾,中性化,topn,0.3,1.0,0.10434454214514771,0.04376995541750216,0.26034716233474625,483,0.022439324874636533,0.5127544337625486,-0.021663484424869477,-0.4949333588608952,-0.053165491067373775,-1.2143335352292084
gz2000,下尾,中性化,topn,0.5,1.0,0.07819468614500205,0.03503634128300212,0.1883319044592057,483,0.018945469002135933,0.5416220019408007,-0.012957955613253523,-0.3706344874566081,-0.03574611605281742,-1.0226422697634217
