date,ex_gross,turnover,port,bench,ex_net10,ex_net20,ex_net30
2022-07-04,0.011058518715964798,0.9999999999999999,0.009538382926786486,-0.0015201357891783118,0.010058518715964799,0.009058518715964798,0.008058518715964798
2022-07-05,-0.0014031601780461096,0.4589524318340201,-0.01516113595006931,-0.013757975772023201,-0.0018621126098801299,-0.00232106504171415,-0.00278001747354817
2022-07-06,0.00018562918238091992,0.38616010409124,0.006272326053005939,0.006086696870625019,-0.00020053092171032008,-0.0005866910258015601,-0.0009728511298928001
2022-07-07,0.0026801965178682345,0.23484267185563953,-0.004203230982856558,-0.0068834275007247925,0.002445353846012595,0.0022105111741569554,0.001975668502301316
2022-07-08,0.00799880277119671,0.20874818855473998,-0.0050196171949049365,-0.013018419966101646,0.00779005458264197,0.00758130639408723,0.00737255820553249
2022-07-11,0.004806594692818563,0.2795808760276331,-0.007259119532354434,-0.012065714225172997,0.00452701381679093,0.004247432940763297,0.003967852064735664
2022-07-12,0.00306706522879684,0.25564974878953517,0.008212198701775909,0.005145133472979069,0.0028114154800073046,0.0025557657312177693,0.0023001159824282344
2022-07-13,0.0028137181786276246,0.21509440137330574,0.008454829351363316,0.005641111172735691,0.002598623777254319,0.002383529375881013,0.0021684349745077075
2022-07-14,0.00041275995419056376,0.208590228926593,-0.015605982741260219,-0.016018742695450783,0.00020416972526397074,-4.420503662622285e-06,-0.00021301073258921533
2022-07-15,-6.552514507907059e-05,0.21977582298501042,0.01879896494672162,0.01886449009180069,-0.000285300968064081,-0.0005050767910490914,-0.0007248526140341019
2022-07-18,0.0017419402500608323,0.2711056690978719,0.005782034342549121,0.004040094092488289,0.0014708345809629603,0.0011997289118650884,0.0009286232427672164
2022-07-19,0.0008389586270975673,0.2417209301697721,0.012938763915114363,0.012099805288016796,0.0005972376969277952,0.0003555167667580231,0.00011379583658825102
2022-07-20,0.0022726075583441325,0.24496283391518425,-0.007069390467430823,-0.009341998025774956,0.002027644724428948,0.001782681890513764,0.0015377190565985797
2022-07-21,0.0005765555802740747,0.2035704128308587,-0.008280166573449165,-0.00885672215372324,0.000372985167443216,0.00016941475461235736,-3.415565821850131e-05
2022-07-22,0.003104010214897455,0.24494270766645426,-0.005930971736220061,-0.009034981951117516,0.0028590675072310005,0.0026141247995645463,0.002369182091898092
2022-07-25,0.003668262279305782,0.24127354615282773,0.016141725360129203,0.012473463080823421,0.0034269887331529543,0.0031857151870001263,0.0029444416408472987
2022-07-26,0.005246187124136686,0.19673599802424843,0.009357431001696587,0.0041112438775599,0.005049451126112438,0.00485271512808819,0.004655979130063942
2022-07-27,-0.00019973388285575433,0.19832127424143536,0.003037654446724672,0.003237388329580426,-0.00039805515709718966,-0.000596376431338625,-0.0007946977055800604
2022-07-28,0.004591753101277629,0.2215984715065809,-0.0037244396746871074,-0.008316192775964737,0.004370154629771048,0.004148556158264467,0.003926957686757887
2022-07-29,0.002038661945045414,0.1928644096649898,0.010803544517040672,0.008764882571995258,0.0018457975353804242,0.0016529331257154345,0.0014600687160504448
2022-08-01,0.006038396677278596,0.18302005837728402,-0.02173144830176918,-0.027769844979047775,0.005855376618901312,0.005672356560524027,0.0054893365021467435
2022-08-02,-0.0041580683629945814,0.24242002963973755,-0.011211630802972704,-0.007053562439978123,-0.004400488392634319,-0.004642908422274056,-0.004885328451913794
2022-08-03,-0.0019634688289315643,0.2096611744996675,0.0040474784544258175,0.006010947283357382,-0.002173130003431232,-0.0023827911779308996,-0.002592452352430567
2022-08-04,-0.0020721702668390282,0.20798454264876717,0.016208935638932227,0.018281105905771255,-0.0022801548094877953,-0.0024881393521365624,-0.00269612389478533
2022-08-05,0.0005396744254821222,0.2115138436508121,0.009272137658655016,0.008732463233172894,0.00032816058183131005,0.00011664673818049794,-9.486710547031423e-05
2022-08-08,-0.004008862650644706,0.20312664802136232,-0.0008946761904924376,0.0031141864601522684,-0.004211989298666068,-0.0044151159466874305,-0.0046182425947087925
2022-08-09,0.0002543147130600861,0.21029331533063322,-0.002545923838511879,-0.0028002385515719652,4.402139772945285e-05,-0.00016627191760118038,-0.00037656523293181363
2022-08-10,-0.0041364745373356614,0.2583273686391999,0.014453457934178087,0.018589932471513748,-0.004394801905974861,-0.004653129274614061,-0.004911456643253261
2022-08-11,0.0005306114172754168,0.21798355314724666,-0.0021481130542042376,-0.0026787244714796543,0.00031262786412817006,9.464431098092342e-05,-0.00012333924216632321
2022-08-12,0.001467909578988358,0.2061219830407949,0.005084070292124554,0.003616160713136196,0.001261787595947563,0.0010556656129067682,0.0008495436298659733
2022-08-15,0.0035142253906768825,0.15665518420070973,0.007217587699119475,0.0037033623084425926,0.003357570206476173,0.003200915022275463,0.0030442598380747534
2022-08-16,-0.0028092605487462924,0.20171459744693565,0.0017647211945596292,0.0045739817433059216,-0.003010975146193228,-0.0032126897436401637,-0.0034144043410870993
2022-08-17,-0.004756283080482156,0.16979743337898356,-0.008258291585647733,-0.003502008505165577,-0.00492608051386114,-0.005095877947240123,-0.005265675380619107
2022-08-18,0.00355560688948549,0.19480954014556312,-0.008322043505550254,-0.011877650395035744,0.0033607973493399268,0.0031659878091943637,0.0029711782690488003
2022-08-19,-0.0010268169493579064,0.16455111499930675,0.011774616032729229,0.012801432982087135,-0.001191368064357213,-0.0013559191793565198,-0.0015204702943558265
2022-08-22,0.00134381708190589,0.21131742409914456,0.0005631175401136165,-0.0007806995417922735,0.0011324996578067454,0.000921182233707601,0.0007098648096084564
2022-08-23,-0.0015151902143298104,0.22809542359135085,-0.029805052191430183,-0.028289861977100372,-0.0017432856379211612,-0.001971381061512512,-0.002199476485103863
2022-08-24,0.0006649107044416278,0.20126396419158477,0.00698019138778027,0.006315280683338642,0.00046364674025004297,0.00026238277605845824,6.11188118668734e-05
2022-08-25,-0.005517975638335018,0.19643906170266104,-0.00911020927754548,-0.0035922336392104626,-0.005714414700037679,-0.00591085376174034,-0.0061072928234430016
2022-08-26,0.0015199793555425575,0.19941122227497882,0.0037914173730300834,0.002271438017487526,0.0013205681332675787,0.0011211569109925998,0.0009217456887176211
2022-08-29,0.0005096917703804383,0.17556134114428945,-0.003160060968989431,-0.0036697527393698692,0.0003341304292361489,0.0001585690880918594,-1.69922530524301e-05
2022-08-30,0.0003759764081621951,0.19366931515002825,-0.020408047741017264,-0.02078402414917946,0.00018230709301216686,-1.1362222137861386e-05,-0.00020503153728788968
2022-08-31,0.0027036169806571907,0.21031741055207254,-0.001733837995484262,-0.004437454976141453,0.002493299570105118,0.0022829821595530455,0.0020726647490009733
2022-09-01,0.0028857167221789503,0.17816169653784525,0.006821716890502467,0.003936000168323517,0.002707555025641105,0.00252939332910326,0.0023512316325654146
2022-09-02,0.003400328459826357,0.22905270066918335,0.008990541922536737,0.0055902134627103806,0.0031712757591571736,0.0029422230584879904,0.0027131703578188067
2022-09-05,0.0008884250110167344,0.19088034475861992,0.018524040553547748,0.017635615542531013,0.0006975446662581145,0.0005066643214994945,0.00031578397674087463
2022-09-06,0.0010147950747046216,0.1974957058125184,0.002795052984263335,0.0017802579095587134,0.0008172993688921031,0.0006198036630795848,0.0004223079572670664
2022-09-07,0.0017564830254389843,0.2046884585607538,-0.002633353427462379,-0.004389836452901363,0.0015517945668782306,0.0013471061083174768,0.001142417649756723
2022-09-08,-0.0024518222882004975,0.1994874218655615,0.004818520382180572,0.007270342670381069,-0.002651309710066059,-0.0028507971319316205,-0.003050284553797182
2022-09-09,-0.0024390286919492663,0.17142914982339694,-0.004756133646221775,-0.0023171049542725086,-0.0026104578417726633,-0.0027818869915960604,-0.002953316141419457
2022-09-13,0.0010172903912364067,0.19042773270109448,-0.006700314357668298,-0.007717604748904705,0.0008268626585353123,0.0006364349258342177,0.0004460071931331233
2022-09-14,-0.00016667752684731973,0.2002109199528167,-0.02300407051266809,-0.02283739298582077,-0.0003668884468001365,-0.0005670993667529533,-0.0007673102867057698
2022-09-15,0.005992405093669398,0.19557945312893543,-0.019143033795595663,-0.02513543888926506,0.005796825640540462,0.005601246187411527,0.005405666734282591
2022-09-16,0.0019642931170267414,0.2098650339980926,-0.00464774884810025,-0.006612041965126991,0.0017544280830286488,0.0015445630490305562,0.0013346980150324636
2022-09-19,0.0018889111605358815,0.19250173031887124,0.009744407529838154,0.007855496369302273,0.0016964094302170103,0.001503907699898139,0.0013114059695792679
2022-09-20,-0.001596229666397355,0.2006664046879737,0.002035492515638091,0.003631722182035446,-0.0017968960710853287,-0.0019975624757733023,-0.002198228880461276
2022-09-21,0.0011070357254939157,0.18381766250493742,-0.0007564454021630805,-0.0018634811276569963,0.0009232180629889784,0.0007394004004840409,0.0005555827379791035
2022-09-22,0.003314972455227244,0.1947918759184331,-0.009172026467895639,-0.012486998923122883,0.003120180579308811,0.002925388703390378,0.0027305968274719448
2022-09-23,0.005835845716658357,0.22480036825236788,-0.008140922873851535,-0.013976768590509892,0.005611045348405989,0.0053862449801536216,0.005161444611901253
2022-09-26,0.0020166718831905912,0.22202296258028265,0.0218271621933827,0.019810490310192108,0.0017946489206103087,0.001572625958030026,0.0013506029954497433
2022-09-27,0.009384174953565628,0.20672245411397253,-0.016056048561468094,-0.025440223515033722,0.009177452499451655,0.008970730045337683,0.00876400759122371
2022-09-28,-0.0030211253998257363,0.22905978273149052,-0.0022609786920637035,0.0007601467077620327,-0.0032501851825572268,-0.0034792449652887173,-0.0037083047480202078
2022-09-29,0.00217417936918302,0.22097563335753778,-0.007636534681944414,-0.009810714051127434,0.0019532037358254823,0.0017322281024679447,0.0015112524691104068
2022-09-30,0.005073170377530144,0.23837372347230185,-0.008350504362367107,-0.013423674739897251,0.004834796654057842,0.004596422930585541,0.004358049207113239
2022-10-10,-0.0017864008180705718,0.19490587364418077,0.007123220457890827,0.008909621275961399,-0.0019813066917147527,-0.0021762125653589336,-0.002371118439003114
2022-10-11,-0.0015071229132749206,0.2275141823862395,0.02244621989699825,0.02395334281027317,-0.00173463709566116,-0.0019621512780473994,-0.002189665460433639
2022-10-12,-0.0012429202123682512,0.3046159896855444,0.0006512343735296714,0.0018941545858979225,-0.0015475362020537955,-0.0018521521917393398,-0.0021567681814248845
2022-10-13,-0.0006692846791574655,0.24619864032321043,0.02376147457196024,0.024430759251117706,-0.000915483319480676,-0.0011616819598038865,-0.0014078806001270967
2022-10-14,0.0016791498879534898,0.25411441515034,0.009018394596372336,0.007339244708418846,0.0014250354728031498,0.0011709210576528097,0.0009168066425024698
2022-10-17,-0.0024198621662330218,0.22603703987121132,0.001148595273308795,0.0035684574395418167,-0.0026458992061042332,-0.0028719362459754443,-0.0030979732858466558
2022-10-18,0.004671612865081197,0.23430242003438825,-0.005598365218588942,-0.01026997808367014,0.004437310445046809,0.00420300802501242,0.003968705604978032
2022-10-19,-0.001282718035137017,0.24338540020857408,-0.004940583605995138,-0.003657865570858121,-0.001526103435345591,-0.001769488835554165,-0.002012874235762739
2022-10-20,0.0008790073241747454,0.23698434724920903,0.002485531314805849,0.0016065239906311035,0.0006420229769255365,0.0004050386296763274,0.00016805428242711831
2022-10-21,-0.0036516069730968617,0.266917530011774,-0.013421697664842143,-0.009770090691745281,-0.003918524503108636,-0.004185442033120409,-0.004452359563132184
2022-10-24,-0.0001905361082301174,0.294149700227354,-0.004421304528032306,-0.004230768419802189,-0.0004846858084574714,-0.0007788355086848253,-0.0010729852089121793
2022-10-25,-0.0016384787165665167,0.2279366203262518,0.015722899580643223,0.01736137829720974,-0.0018664153368927684,-0.00209435195721902,-0.002322288577545272
2022-10-26,0.0022312244160344044,0.27242330909081225,0.0009278709527348319,-0.0013033534632995725,0.001958801106943592,0.0016863777978527797,0.0014139544887619678
2022-10-27,0.0022205890018016233,0.27333271233869816,-0.028229686166021214,-0.030450275167822838,0.001947256289462925,0.001673923577124227,0.001400590864785529
2022-10-28,-0.004656088063917295,0.26485853785789043,-7.455376019252936e-05,0.004581534303724766,-0.004920946601775186,-0.005185805139633076,-0.005450663677490967
2022-10-31,-0.0012470351179180786,0.2486664681683206,0.02181742921275514,0.023064464330673218,-0.0014957015860863991,-0.0017443680542547197,-0.0019930345224230405
2022-11-01,0.00789520458160467,0.29854840337851907,0.01767451443551607,0.0097793098539114,0.007596656178226151,0.007298107774847632,0.006999559371469113
2022-11-02,0.003763319292303364,0.2584340603879307,0.0038852848892213807,0.00012196559691801667,0.003504885231915433,0.0032464511715275027,0.002988017111139572
2022-11-03,-0.0012942540104767392,0.2646237492333934,0.021519960219107,0.02281421422958374,-0.0015588777597101327,-0.001823501508943526,-0.002088125258176919
2022-11-04,0.004067238877110241,0.30593054979382467,0.005637814514853118,0.001570575637742877,0.0037613083273164167,0.003455377777522592,0.003149447227728767
2022-11-07,0.0008348653951729713,0.23307289248978497,-4.879182942670729e-06,-0.0008397445781156421,0.0006017925026831864,0.00036871961019340144,0.0001356467177036165
2022-11-08,0.008461641052904019,0.25686501263818284,0.00657248569017131,-0.0018891553627327085,0.008204776040265836,0.007947911027627652,0.00769104601498947
2022-11-09,0.004073331451540706,0.19150865433913372,-0.0007455951138083958,-0.004818926565349102,0.0038818227972015726,0.003690314142862439,0.003498805488523305
2022-11-10,-0.0014072556683025874,0.2034421043388045,0.007147971290985533,0.00855522695928812,-0.001610697772641392,-0.0018141398769801963,-0.002017581981319001
2022-11-11,0.006536745278320412,0.24756541009176894,0.005220873908295433,-0.0013158713700249791,0.006289179868228643,0.006041614458136874,0.005794049048045105
2022-11-14,-0.005896721213087288,0.21635160050770905,0.011680155814662727,0.017576877027750015,-0.006113072813594997,-0.006329424414102706,-0.006545776014610415
2022-11-15,-0.0008953318187287377,0.248346414206048,-0.0058152212017467545,-0.004919889383018017,-0.0011436782329347856,-0.0013920246471408335,-0.0016403710613468818
2022-11-16,0.0016257013625622695,0.22527402133086488,0.003951347243335933,0.0023256458807736635,0.0014004273412314046,0.0011751533199005398,0.0009498792985696749
2022-11-17,0.000394705959402249,0.16451369226071155,-0.0033722975786847614,-0.0037670035380870104,0.00023019226714153746,6.567857488082589e-05,-9.883511737988568e-05
2022-11-18,-0.007934052751368225,0.23371211791844201,-0.007876198614683316,5.785413668490946e-05,-0.008167764869286668,-0.008401476987205109,-0.008635189105123552
2022-11-21,0.0029229569832717895,0.18708293646640614,-0.007243024965103912,-0.010165981948375702,0.0027358740468053835,0.0025487911103389774,0.002361708173872571
2022-11-22,0.0031410690871107733,0.23029005123873603,0.0018087028301361358,-0.0013323662569746375,0.002910779035872037,0.002680488984633301,0.0024501989333945654
2022-11-23,0.0031544873788822165,0.188952138515722,0.004092472635196494,0.0009379852563142776,0.0029655352403664945,0.0027765831018507726,0.0025876309633350502
2022-11-24,0.005762621722431207,0.15253028323833778,0.0006951847665620089,-0.005067436955869198,0.005610091439192869,0.005457561155954531,0.005305030872716193
2022-11-25,0.003315794035754338,0.20882171522937498,-0.001596537198909387,-0.004912331234663725,0.003106972320524963,0.002898150605295588,0.002689328890066213
2022-11-28,0.002825116506967769,0.19008498504767768,0.02078163041845344,0.017956513911485672,0.0026350315219200913,0.0024449465368724136,0.002254861551824736
2022-11-29,0.0029615698537795616,0.21251513399417,0.001983404780459292,-0.0009781650733202696,0.002749054719785392,0.0025365395857912215,0.0023240244517970516
2022-11-30,-0.002512988230399629,0.21538915447600984,0.0026765786426143443,0.005189566873013973,-0.002728377384875639,-0.002943766539351649,-0.0031591556938276584
2022-12-01,0.0017279476440287568,0.19545274987122202,-0.0010561885730587504,-0.0027841362170875072,0.0015324948941575348,0.0013370421442863128,0.0011415893944150908
2022-12-02,-0.0004691274409166918,0.1979173661656788,0.007231243649406041,0.007700371090322733,-0.0006670448070823705,-0.0008649621732480493,-0.0010628795394137282
2022-12-05,-0.00396198290614305,0.2647049993716944,-0.004341010355668942,-0.00037902744952589273,-0.004226687905514744,-0.004491392904886439,-0.004756097904258133
2022-12-06,0.00032698860489647336,0.21002781179886643,-0.0006268901368149047,-0.0009538787417113781,0.00011696079309760692,-9.306701870125952e-05,-0.0003030948305001259
2022-12-07,0.005015402017701724,0.1858678321226675,0.002394759478587964,-0.00262064253911376,0.004829534185579056,0.0046436663534563894,0.004457798521333722
2022-12-08,-0.000519119934660389,0.23266653481926325,0.0006541026192558865,0.0011732225539162755,-0.0007517864694796522,-0.0009844530042989155,-0.0012171195391181787
2022-12-09,-0.0050033102750872745,0.4285241960730356,-0.00936165684909574,-0.004358346574008465,-0.00543183447116031,-0.005860358667233345,-0.006288882863306381
2022-12-12,0.002017836333576824,0.2583558306410336,-0.0019093875164648039,-0.003927223850041628,0.0017594805029357904,0.0015011246722947567,0.0012427688416537233
2022-12-13,0.0005836582426046559,0.23484908690766865,-0.0034279997777128986,-0.0040116580203175545,0.00034880915569698726,0.00011396006878931856,-0.00012088901811835003
2022-12-14,-0.0041899269110343106,0.220825476136492,-0.004063323851563657,0.00012660305947065353,-0.004410752387170803,-0.004631577863307295,-0.004852403339443786
2022-12-15,0.005178213011150603,0.19028419080959932,0.002440122080644016,-0.002738090930506587,0.0049879288203410034,0.004797644629531405,0.004607360438721805
2022-12-16,-0.0025985268970021846,0.22621683659503045,-0.026846292438078845,-0.02424776554107666,-0.0028247437335972153,-0.0030509605701922455,-0.0032771774067872758
2022-12-19,-0.0018828147825354288,0.2501221358685606,-0.011605429443394537,-0.009722614660859108,-0.0021329369184039894,-0.00238305905427255,-0.0026331811901411104
2022-12-20,0.0014390073502560516,0.19982914323281042,-0.0034919209992388825,-0.004930928349494934,0.001239178207023241,0.0010393490637904306,0.0008395199205576203
2022-12-21,0.0025403536103273568,0.19522627904261203,-0.0071942276142929855,-0.009734581224620342,0.0023451273312847447,0.0021499010522421326,0.001954674773199521
2022-12-22,-7.075708960013272e-05,0.19325365830774424,-0.0012963091455848682,-0.0012255520559847355,-0.000264010747907877,-0.0004572644062156212,-0.0006505180645233655
2022-12-23,-0.004496389047973948,0.24189881073840852,0.009336785434014006,0.013833174481987953,-0.004738287858712356,-0.004980186669450765,-0.005222085480189174
2022-12-26,0.0008971225784082104,0.2462978624150632,0.008276021139409034,0.007378898561000824,0.0006508247159931472,0.00040452685357808397,0.00015822899116302075
2022-12-27,0.00115861463781108,0.2163451051906391,-0.0026731668091226663,-0.0038317814469337463,0.0009422695326204409,0.0007259244274298018,0.0005095793222391628
2022-12-28,0.0004445459486458916,0.21216115513075998,-6.4219624967454e-05,-0.0005087655736133456,0.00023238479351513164,2.0223638384371664e-05,-0.0001919375167463883
2022-12-29,0.004507478611733444,0.19317530622811088,0.0059636863239143564,0.0014562077121809125,0.004314303305505333,0.004121127999277222,0.003927952693049111
2022-12-30,-0.002104272816508379,0.1977447575520092,0.013482393946320448,0.015586666762828827,-0.002302017574060388,-0.0024997623316123973,-0.002697507089164407
2023-01-03,0.004512044961434813,0.2403321676059728,0.004067817073651613,-0.00044422788778319955,0.00427171279382884,0.004031380626222867,0.003791048458616894
2023-01-04,-0.003408868658683596,0.2509169497520402,0.006475636873998346,0.009884505532681942,-0.0036597856084356365,-0.003910702558187677,-0.004161619507939716
2023-01-05,7.66916571988247e-05,0.20488950873915007,0.0006208655330224417,0.000544173875823617,-0.00012819785154032537,-0.00033308736027947545,-0.0005379768690186255
2023-01-06,-0.0007183286485618456,0.23046753524217745,0.003983325312530388,0.004701653961092234,-0.000948796183804023,-0.0011792637190462005,-0.001409731254288378
2023-01-09,-0.00231258140453045,0.1928552893400119,-0.0007094760662401164,0.0016031053382903337,-0.002505436693870462,-0.0026982919832104738,-0.002891147272550486
2023-01-10,0.001825134048546461,0.23421189631813205,-0.0036513635308195076,-0.005476497579365969,0.001590922152228329,0.001356710255910197,0.0011224983595920649
2023-01-11,-0.0013362816914838428,0.22889890504540877,-0.0009252035904598111,0.00041107810102403164,-0.0015651805965292516,-0.0017940795015746604,-0.002022978406620069
2023-01-12,0.0014284548231710981,0.23617079242255956,0.008627220697080095,0.007198765873908997,0.0011922840307485385,0.0009561132383259789,0.0007199424459034194
2023-01-13,-0.0047398713380074585,0.2300726081238798,0.006691274143757812,0.01143114548176527,-0.004969943946131338,-0.005200016554255218,-0.005430089162379098
2023-01-16,-0.0017839481118789825,0.1875784524717211,-0.0005222516596040639,0.0012616964522749186,-0.0019715265643507037,-0.0021591050168224247,-0.0023466834692941457
2023-01-17,-8.001654383015238e-05,0.2016348247330026,0.00317961805525947,0.0032596345990896225,-0.000281651368563155,-0.0004832861932961576,-0.0006849210180291601
2023-01-18,-0.0033292636253609417,0.21190580167628748,0.005372279698334718,0.00870154332369566,-0.003541169427037229,-0.0037530752287135167,-0.003964981030389805
2023-01-19,0.0031368270457794254,0.23713449527828231,0.010836155986141164,0.007699328940361738,0.002899692550501143,0.0026625580552228608,0.0024254235599445785
2023-01-20,0.002584822879978209,0.2558923093093479,0.007919396677859812,0.005334573797881603,0.002328930570668861,0.002073038261359513,0.001817145952050165
2023-01-30,0.002541227299863091,0.25304534311350724,0.0036554166918188243,0.0011141893919557333,0.002288181956749584,0.0020351366136360767,0.0017820912705225692
2023-01-31,-0.0025317050870433556,0.2393583151715066,0.00976608913578837,0.012297794222831726,-0.002771063402214862,-0.0030104217173863687,-0.0032497800325578755
2023-02-01,-2.2540717498302672e-05,0.24062600462928035,0.0008305837645932136,0.0008531244820915163,-0.000263166722127583,-0.0005037927267568633,-0.0007444187313861438
2023-02-02,0.0003851754613692017,0.21475076606105378,-0.0035721491999452857,-0.0039573246613144875,0.0001704246953081479,-4.432607075290589e-05,-0.0002590768368139596
2023-02-03,0.0021467140048970377,0.24159463233077946,-0.004157592438883623,-0.006304306443780661,0.0019051193725662583,0.0016635247402354788,0.0014219301079046994
2023-02-06,0.002052674460928051,0.26099424049820225,0.004570768605689613,0.0025180941447615623,0.0017916802204298488,0.0015306859799316464,0.0012696917394334443
2023-02-07,0.00016775497062397875,0.24811631467996098,-0.00742633638145136,-0.007594091352075338,-8.03613440559822e-05,-0.00032847765873594316,-0.0005765939734159042
2023-02-08,-0.006053203322440005,0.1822687485777852,0.00775063449844756,0.013803837820887566,-0.00623547207101779,-0.006417740819595575,-0.006600009568173361
2023-02-09,0.004672828255088994,0.21399744879285454,0.0016358910443801371,-0.0030369372107088566,0.004458830806296139,0.004244833357503285,0.00403083590871043
2023-02-10,-0.0021342626261021177,0.2202156984234114,0.005808058152863832,0.00794232077896595,-0.002354478324525529,-0.0025746940229489407,-0.002794909721372352
2023-02-13,0.0014907565240046966,0.28338414171968485,0.003725752354808806,0.0022349958308041096,0.0012073723822850118,0.0009239882405653269,0.0006406040988456421
2023-02-14,-0.004108571577325209,0.19779613094281956,-0.005980266970090313,-0.0018716953927651048,-0.004306367708268028,-0.004504163839210848,-0.004701959970153667
2023-02-15,0.0049895362949900525,0.20170637800047397,-0.009753362459785472,-0.014742898754775524,0.004787829916989578,0.004586123538989104,0.00438441716098863
2023-02-16,0.0051873480081349455,0.24850849409698675,-0.002996887534877673,-0.008184235543012619,0.0049388395140379585,0.004690331019940972,0.004441822525843985
2023-02-17,-0.0005745695587680323,0.2436776256697153,0.016902633601756336,0.01747720316052437,-0.0008182471844377477,-0.001061924810107463,-0.0013056024357771781
2023-02-20,0.0011905968963054035,0.27637318175509246,0.007288225165649972,0.006097628269344568,0.0009142237145503111,0.0006378505327952186,0.00036147735104012613
2023-02-21,0.0015996688965612465,0.2130607110111299,0.00048270008879689504,-0.0011169688077643514,0.0013866081855501166,0.0011735474745389867,0.0009604867635278569
2023-02-22,0.0030302304998499523,0.2583041256776406,0.0008892479576629769,-0.0021409825421869755,0.0027719263741723117,0.002513622248494671,0.0022553181228170305
2023-02-23,-0.0006225494630567466,0.23009388674306983,-0.0035171130634776985,-0.002894563600420952,-0.0008526433497998164,-0.0010827372365428863,-0.001312831123285956
2023-02-24,0.0013644959841107285,0.18212768487392794,-0.00376849723344694,-0.005132993217557669,0.0011823682992368005,0.0010002406143628725,0.0008181129294889447
2023-02-27,0.0008639454371436438,0.2897967478341646,0.009026531455586751,0.008162586018443108,0.0005741486893094793,0.00028435194147531466,-5.444806358849983e-06
2023-02-28,-0.0013990000283799348,0.23485353984098015,0.005659911928466779,0.007058911956846714,-0.001633853568220915,-0.0018687071080618952,-0.0021035606479028754
2023-03-01,0.002034100691521806,0.2501565972674659,-0.0009376809590363079,-0.002971781650558114,0.00178394409425434,0.0015337874969868742,0.0012836308997194084
2023-03-02,0.0003104580231818694,0.22334577079699425,0.00177632646084459,0.0014658684376627207,8.711225238487513e-05,-0.00013623351841211915,-0.0003595792892091133
2023-03-03,-0.0005819193808247851,0.21602330766976602,0.0003262875346580936,0.0009082069154828787,-0.0007979426884945511,-0.0010139659961643172,-0.0012299893038340832
2023-03-06,0.0029212849895488835,0.2381992976011026,-0.014399754001663961,-0.017321038991212845,0.0026830856919477807,0.0024448863943466784,0.0022066870967455757
2023-03-07,-0.0008800109774872128,0.22770652893708104,0.002051677934725636,0.0029316889122128487,-0.0011077175064242938,-0.0013354240353613748,-0.0015631305642984559
2023-03-08,-0.00035049834719630977,0.2204163387586621,-0.002649568705472677,-0.002299070358276367,-0.0005709146859549719,-0.000791331024713634,-0.001011747363472296
2023-03-09,-1.54905374713174e-06,0.21026460459229152,-0.012788989845473244,-0.012787440791726112,-0.00021181365833942327,-0.0004220782629317148,-0.0006323428675240063
2023-03-10,0.0025613675679931128,0.20688990857433182,0.009171245139456698,0.006609877571463585,0.002354477659418781,0.002147587750844449,0.0019406978422701173
2023-03-13,0.0003560137635050982,0.24826285922781827,-0.00833660842124832,-0.008692622184753418,0.00010775090427727994,-0.0001405119549505383,-0.0003887748141783566
2023-03-14,-0.0022854477059710645,0.25694081692562426,0.003546890999687848,0.005832338705658913,-0.0025423885228966886,-0.0027993293398223132,-0.0030562701567479374
2023-03-15,0.0001703156704026855,0.24693029455042761,-0.013222974670497736,-0.013393290340900421,-7.661462414774208e-05,-0.00032354491869816967,-0.0005704752132485974
2023-03-16,0.0008773267950425503,0.2222264999016993,0.007836508539647853,0.006959181744605303,0.000655100295140851,0.0004328737952391518,0.00021064729533745241
2023-03-17,0.0009597863275272655,0.23469876597343958,-0.002597744369907875,-0.0035575306974351406,0.0007250875615538259,0.0004903887955803863,0.0002556900296069468
2023-03-20,-0.0011694954674897652,0.25527758152425806,0.011020419936233952,0.012189915403723717,-0.0014247730490140231,-0.0016800506305382813,-0.0019353282120625395
2023-03-21,-0.00166415821531517,0.20884315301171083,0.004009627944289618,0.005673786159604788,-0.0018730013683268807,-0.0020818445213385914,-0.0022906876743503026
2023-03-22,-0.0024916034262838418,0.22037183677480432,0.003340481028312201,0.005832084454596043,-0.002711975263058646,-0.0029323470998334506,-0.003152718936608255
2023-03-23,0.0016943119078353759,0.2712729043283146,0.0024914135535658117,0.0007971016457304358,0.0014230390035070613,0.0011517660991787466,0.0008804931948504321
2023-03-24,-0.004848951906568051,0.26116613945491235,-0.004397281703675778,0.00045167020289227366,-0.0051101180460229635,-0.005371284185477876,-0.005632450324932788
2023-03-27,0.0027616078026638925,0.2064947286405442,-0.002140829526628405,-0.004902437329292297,0.0025551130740233486,0.002348618345382804,0.00214212361674226
2023-03-28,-0.0028329494691162384,0.256098463015883,-0.005643295897421149,-0.0028103464283049107,-0.0030890479321321216,-0.0033451463951480044,-0.0036012448581638876
2023-03-29,0.0004911881368707465,0.21865651552900675,0.004866254279399996,0.004375066142529249,0.0002725316213417398,5.387510581273308e-05,-0.00016478140971627373
2023-03-30,0.0017607926231368344,0.2558234592653673,0.010299845303271608,0.008539052680134773,0.001504969163871467,0.0012491457046060997,0.0009933222453407326
2023-03-31,-0.0008382050177591534,0.23273609606586973,0.010796797662363699,0.011635002680122852,-0.0010709411138250231,-0.001303677209890893,-0.0015364133059567625
2023-04-03,0.005826541860662808,0.2576022433503346,0.005289643942453374,-0.0005368979182094336,0.005568939617312473,0.005311337373962138,0.005053735130611804
2023-04-04,-0.0001909163197564524,0.22036218458209217,0.0013024008717325885,0.0014933171914890409,-0.00041127850433854456,-0.0006316406889206367,-0.000852002873502729
2023-04-06,-0.0035115286349052836,0.25531282736975086,0.004095936043680246,0.007607464678585529,-0.0037668414622750346,-0.004022154289644786,-0.004277467117014536
2023-04-07,0.0006428914505008558,0.24614436167098394,-0.00771107483776771,-0.008353966288268566,0.0003967470888298719,0.000150602727158888,-9.554163451209595e-05
2023-04-10,0.005206022385354928,0.2376124420055863,0.0070885121560057916,0.0018824897706508636,0.004968409943349341,0.004730797501343756,0.004493185059338169
2023-04-11,0.009275363913016456,0.2471294423972688,0.012963748691814082,0.0036883847787976265,0.009028234470619187,0.008781105028221919,0.00853397558582465
2023-04-12,0.0051103072070122916,0.2220559142438317,-0.0007163741796671192,-0.005826681386679411,0.00488825129276846,0.004666195378524628,0.004444139464280797
2023-04-13,-0.0016172384094594026,0.22008516215000712,0.0027627679336668944,0.004380006343126297,-0.0018373235716094096,-0.0020574087337594167,-0.002277493895909424
2023-04-14,-0.002828235964103521,0.21804948259371598,0.0017294015336791863,0.004557637497782707,-0.003046285446697237,-0.003264334929290953,-0.003482384411884669
2023-04-17,-0.00019334592121586828,0.22795826750988651,-0.0014548507538710597,-0.0012615048326551914,-0.0004213041887257548,-0.0006492624562356413,-0.0008772207237455279
2023-04-18,0.0007445782599974481,0.17488324399718588,-0.004097360354847828,-0.004841938614845276,0.0005696950160002623,0.00039481177200307633,0.00021992852800589051
2023-04-19,0.004555790151619086,0.1749020632392661,0.003729943351038465,-0.0008258468005806208,0.004380888088379819,0.004205986025140554,0.004031083961901287
2023-04-20,0.003353093523098167,0.2121345995439012,-0.021860045608567063,-0.02521313913166523,0.0031409589235542657,0.0029288243240103646,0.0027166897244664634
2023-04-21,0.0008083842593626525,0.20162885083955845,-0.005688293847124145,-0.006496678106486797,0.0006067554085230941,0.00040512655768353565,0.0002034977068439772
2023-04-24,0.0019363043039788037,0.23962767716066422,-0.01243964497449505,-0.014375949278473854,0.0016966766268181395,0.0014570489496574753,0.001217421272496811
2023-04-25,-0.00428663898864857,0.2623711765488829,-0.00016113982210031776,0.004125499166548252,-0.004549010165197453,-0.004811381341746336,-0.005073752518295218
2023-04-26,-0.0029171805489246424,0.24088936662078012,2.268840229169766e-05,0.00293986895121634,-0.0031580699155454224,-0.0033989592821662027,-0.0036398486487869827
2023-04-27,-0.0008738490853961427,0.22360317220617004,0.01266635925429502,0.013540208339691162,-0.0010974522576023128,-0.0013210554298084829,-0.001544658602014653
2023-04-28,0.001099945671853111,0.26155389703508747,0.004633973978456543,0.0035340283066034317,0.0008383917748180236,0.0005768378777829361,0.0003152839807478487
2023-05-04,0.007290964848223679,0.2610208441488485,-0.001983143487152106,-0.009274108335375786,0.0070299440040748305,0.006768923159925983,0.006507902315777134
2023-05-05,-0.0003816345751821264,0.27636515400489337,0.007873031306213214,0.00825466588139534,-0.0006579997291870198,-0.0009343648831919132,-0.0012107300371968065
2023-05-08,0.0024156119288918643,0.2644930840441803,-0.007883105838108334,-0.010298717767000198,0.002151118844847684,0.0018866257608035036,0.0016221326767593234
2023-05-09,-0.0016269997916996057,0.28554539853281113,-0.0025295839053459043,-0.0009025841136462986,-0.001912545190232417,-0.002198090588765228,-0.002483635987298039
2023-05-10,0.006964148927912859,0.21581482045097586,0.004237018732786922,-0.0027271301951259375,0.006748334107461883,0.006532519287010908,0.0063167044665599316
2023-05-11,-0.0028912960757936715,0.2265546587723497,-0.012754298301550317,-0.009863002225756645,-0.003117850734566021,-0.003344405393338371,-0.0035709600521107204
2023-05-12,-0.005022176570366189,0.2290875994927766,0.0064249150165216476,0.011447091586887836,-0.005251264169858966,-0.0054803517693517425,-0.0057094393688445185
2023-05-15,-0.0035181655363799684,0.20836197811148768,-0.011009980440294897,-0.0074918149039149284,-0.0037265275144914563,-0.003934889492602944,-0.0041432514707144315
2023-05-16,-0.0005229362002318382,0.21847140554971994,0.0015987607469106436,0.002121696947142482,-0.0007414076057815581,-0.000959879011331278,-0.001178350416880998
2023-05-17,0.0027092874937228,0.230246775635918,0.004302709521958891,0.0015934220282360911,0.002479040718086882,0.002248793942450964,0.002018547166815046
2023-05-18,-0.006092859562467147,0.223127328547646,-0.0070863417489261515,-0.0009934821864590049,-0.006315986891014792,-0.006539114219562439,-0.006762241548110085
2023-05-19,-0.006663550165076422,0.24190977116774237,-0.006511182415824997,0.00015236774925142527,-0.006905459936244165,-0.007147369707411907,-0.007389279478579649
2023-05-22,-0.0009253179740275307,0.23091334233394006,-0.010981713057693378,-0.010056395083665848,-0.0011562313163614706,-0.0013871446586954108,-0.001618058001029351
2023-05-23,0.0001027061877064226,0.20034483774051293,-0.007266148524988461,-0.007368854712694883,-9.763865003409029e-05,-0.0002979834877746032,-0.0004983283255151162
2023-05-24,-0.00449810983565617,0.24106841258406306,-0.0069833045448081535,-0.0024851947091519833,-0.004739178248240233,-0.004980246660824296,-0.005221315073408359
2023-05-25,0.0016017110956528663,0.23816372950434792,0.009543732920072365,0.007942021824419498,0.0013635473661485183,0.0011253836366441705,0.0008872199071398225
2023-05-26,-0.0007776916940375011,0.25187273475449967,-0.0018110554414479773,-0.0010333637474104762,-0.0010295644287920008,-0.0012814371635465004,-0.001533309898301
2023-05-29,0.0037277385382200323,0.21537671685695553,0.010091946253016099,0.006364207714796066,0.003512361821363077,0.0032969851045061213,0.003081608387649166
2023-05-30,0.0009250814504572983,0.24404211285341054,-0.00048214276883510395,-0.0014072242192924023,0.0006810393376038878,0.00043699722475047724,0.00019295511189706667
2023-05-31,0.005801378527520478,0.2234135285800384,0.006701773567455143,0.000900395039934665,0.005577964998940439,0.005354551470360402,0.005131137941780363
2023-06-01,-0.004221346183179293,0.22111896019700172,0.004922308073879804,0.009143654257059097,-0.004442465143376295,-0.004663584103573296,-0.004884703063770298
2023-06-02,0.0027802635115424363,0.2511542280310026,0.0018910162864105968,-0.0008892472251318395,0.002529109283511434,0.002277955055480431,0.0020268008274494285
2023-06-05,0.003956715705262105,0.22557059534715107,-0.014404256699217875,-0.01836097240447998,0.0037311451099149543,0.0035055745145678033,0.003280003919220652
2023-06-06,0.004960144423891028,0.21234583856689096,0.005910283265181055,0.0009501388412900269,0.0047477985853241365,0.004535452746757246,0.004323106908190355
2023-06-07,0.0037857301980862524,0.2183103899219863,0.0014705232792208102,-0.0023152069188654423,0.003567419808164266,0.0033491094182422796,0.0031307990283202937
2023-06-08,-0.001796915788847258,0.21672451927454517,0.006160840730470369,0.007957756519317627,-0.002013640308121803,-0.0022303648273963484,-0.0024470893466708933
2023-06-09,-0.002386098043853379,0.34111855930821855,0.0019975646717008584,0.004383662715554237,-0.0027272166031615977,-0.003068335162469816,-0.0034094537217780347
2023-06-12,-0.003595667522390351,0.18727746354369054,-4.223650692866779e-05,0.0035534310154616833,-0.0037829449859340413,-0.003970222449477732,-0.004157499913021423
2023-06-13,0.0001058519782048779,0.20245950250902306,0.0009388411498178857,0.0008329891716130078,-9.660752430414515e-05,-0.0002990670268131682,-0.0005015265293221913
2023-06-14,-0.003887118096413386,0.17523848599803582,0.00519603744619869,0.009083155542612076,-0.004062356582411422,-0.004237595068409458,-0.0044128335544074936
2023-06-15,-0.0025035232791270562,0.21967377106503955,0.006869336914125507,0.009372860193252563,-0.002723197050192096,-0.0029428708212571354,-0.0031625445923221746
2023-06-16,-0.002276083423986542,0.18731876801465258,-0.004596606797769177,-0.0023205233737826347,-0.0024634021920011944,-0.0026507209600158473,-0.0028380397280304997
2023-06-19,-0.0009945655714844316,0.17055700256277917,-0.0010976996949764862,-0.00010313412349205464,-0.0011651225740472108,-0.00133567957660999,-0.0015062365791727692
2023-06-20,0.010015504080500044,0.18260354267138829,-0.012156734597240053,-0.022172238677740097,0.009832900537828655,0.009650296995157267,0.00946769345248588
2023-06-21,0.0028814036924073774,0.21168833844148627,-0.015418559632854692,-0.01829996332526207,0.002669715353965891,0.002458027015524405,0.0022463386770829184
2023-06-26,0.0024475095195725,0.24509514434195995,0.013414997920210604,0.010967488400638103,0.00220241437523054,0.0019573192308885803,0.0017122240865466202
2023-06-27,-0.000770148810472762,0.18158548951948336,-0.0010060341921713704,-0.0002358853816986084,-0.0009517342999922454,-0.0011333197895117288,-0.001314905279031212
2023-06-28,-0.0002909290151733518,0.15964331465890041,0.0002411678187486171,0.0005320968339219689,-0.0004505723298322522,-0.0006102156444911526,-0.0007698589591500531
2023-06-29,-0.001878001802612335,0.17312379712671166,0.008689859806548565,0.0105678616091609,-0.0020511255997390466,-0.0022242493968657583,-0.00239737319399247
2023-06-30,-1.714415302229988e-06,0.2295877853049806,0.00757530346567397,0.0075770178809762,-0.00023130220060721063,-0.00046088998591219127,-0.0006904777712171718
2023-07-03,-1.5170542079777014e-05,0.20489412576225213,0.0024556436151975686,0.0024708141572773457,-0.00022006466784202914,-0.00042495879360428127,-0.0006298529193665334
2023-07-04,0.0008898597631073757,0.19022447166294462,-0.004584614517965241,-0.005474474281072617,0.0006996352914444311,0.0005094108197814865,0.00031918634811854175
2023-07-05,0.001801871951998454,0.19668955570345903,-0.002931792031644601,-0.004733663983643055,0.001605182396294995,0.001408492840591536,0.001211803284888077
2023-07-06,0.004944450910494559,0.20252635572393504,0.0011730992601373124,-0.0037713516503572464,0.004741924554770623,0.004539398199046689,0.004336871843322754
2023-07-07,6.812302237828825e-05,0.18580588224732547,0.004142235068888269,0.004074112046509981,-0.0001176828598690372,-0.00030348874211636264,-0.0004892946243636882
2023-07-10,3.522462767987719e-05,0.1603418490337128,0.007795101176923804,0.007759876549243927,-0.0001251172213538356,-0.0002854590703875484,-0.0004458009194212611
2023-07-11,0.0015494305711163565,0.20110458252731359,-0.009327735372267814,-0.01087716594338417,0.001348325988589043,0.0011472214060617293,0.0009461168235344158
2023-07-12,-0.0021216587970907565,0.17431784095029157,0.0117514731486385,0.013873131945729256,-0.002295976638041048,-0.0024702944789913397,-0.002644612319941631
2023-07-13,0.004963712488077468,0.20816997005616017,0.003162292717732376,-0.0018014197703450918,0.004755542518021308,0.004547372547965147,0.0043392025779089875
2023-07-14,0.0007855838319348342,0.19463151671440077,-0.0018735307114137166,-0.002659114543348551,0.0005909523152204335,0.0003963207985060327,0.00020168928179163193
2023-07-17,0.0036186245388064027,0.2167968029785264,0.0020072409069809556,-0.001611383631825447,0.003401827735827876,0.00318503093284935,0.0029682341298708234
2023-07-18,0.004566880052653356,0.23057321650034263,0.0035557693268407423,-0.001011110725812614,0.004336306836153014,0.004105733619652671,0.0038751604031523283
2023-07-19,-0.0008961677886343,0.1895693372329967,-0.011923470381627083,-0.011027302592992783,-0.0010857371258672967,-0.0012753064631002935,-0.0014648758003332901
2023-07-20,0.005903746282964941,0.20479269429061253,0.006275767800215628,0.0003720215172506869,0.0056989535886743286,0.005494160894383716,0.0052893682000931036
2023-07-21,0.004651476508942528,0.1899993423800464,0.0033732833070728016,-0.0012781932018697262,0.004461477166562481,0.004271477824182435,0.004081478481802388
2023-07-24,-0.002655624616734343,0.22117737877684046,0.0143185823971111,0.016974207013845444,-0.0028768019955111835,-0.003097979374288024,-0.003319156753064864
2023-07-25,0.007766441622038853,0.2501526804612372,0.005478857730736506,-0.002287583891302347,0.0075162889415776165,0.007266136261116379,0.007015983580655142
2023-07-26,0.008836708478540622,0.24325574343438544,0.0023540453798179253,-0.006482663098722696,0.008593452735106238,0.008350196991671851,0.008106941248237466
2023-07-27,0.0011134879452404257,0.27202533598942,0.01495931630704968,0.013845828361809254,0.0008414626092510056,0.0005694372732615857,0.0002974119372721657
2023-07-28,0.0040710272878985276,0.259399988751422,0.011851077681092488,0.00778005039319396,0.0038116272991471057,0.003552227310395684,0.0032928273216442615
2023-07-31,0.002387196366404388,0.2303069438230542,0.004371168632720802,0.001983972266316414,0.002156889422581334,0.0019265824787582796,0.0016962755349352254
2023-08-01,-0.0004933085084686839,0.2692856890462194,-0.00377345152914327,-0.0032801430206745863,-0.0007625941975149032,-0.0010318798865611226,-0.0013011655756073421
2023-08-02,-0.0014087604842149596,0.24556266182512818,0.002319185247737827,0.0037279457319527864,-0.0016543231460400877,-0.001899885807865216,-0.0021454484696903442
2023-08-03,-0.00251445989502873,0.2267194483753948,0.002761069914267401,0.005275529809296131,-0.002741179343404125,-0.0029678987917795196,-0.0031946182401549144
2023-08-04,-0.003586105254467226,0.24002219626533233,-0.009609943439241148,-0.006023838184773922,-0.0038261274507325584,-0.004066149646997891,-0.004306171843263223
2023-08-07,0.0009834081420132838,0.23901877025147095,-0.0029094843639602937,-0.0038928925059735775,0.0007443893717618128,0.0005053706015103419,0.00026635183125887094
2023-08-08,-0.00014993480373440282,0.25146791318399897,-0.007341605396608691,-0.0071916705928742886,-0.0004014027169184018,-0.0006528706301024008,-0.0009043385432863998
2023-08-09,0.00011597899676773398,0.23832011485282606,0.002085973042561744,0.00196999404579401,-0.00012234111808509207,-0.0003606612329379181,-0.0005989813477907442
2023-08-10,-0.0010150573194307282,0.2285770326607744,-0.020562784278420825,-0.019547726958990097,-0.0012436343520915026,-0.0014722113847522769,-0.0017007884174130513
2023-08-11,0.004917648172112725,0.25991681457141175,0.005758928035492621,0.0008412798633798957,0.004657731357541313,0.004397814542969902,0.00413789772839849
2023-08-14,0.0021171408665297577,0.26021399481594115,-0.003940694317507928,-0.006057835184037685,0.0018569268717138164,0.0015967128768978752,0.0013364988820819342
2023-08-15,0.001236311074204943,0.26734313845731533,-0.006500683810703256,-0.007736994884908199,0.0009689679357476275,0.0007016247972903122,0.00043428165883299685
2023-08-16,-0.00355428126799798,0.28336478103722107,0.0037536356116559507,0.007307916879653931,-0.003837646049035201,-0.004121010830072422,-0.004404375611109643
2023-08-17,0.005329780553800187,0.2521384962551236,-0.010989904130476394,-0.01631968468427658,0.005077642057545064,0.00482550356128994,0.004573365065034816
2023-08-18,0.003940284689284899,0.24180557052661764,-0.007465874339126013,-0.011406159028410912,0.003698479118758281,0.0034566735482316636,0.003214867977705046
2023-08-21,-0.002816954291406639,0.24582669842886912,0.00269457172697448,0.005511526018381119,-0.003062780989835508,-0.0033086076882643768,-0.0035544343866932464
2023-08-22,0.0036873374612507795,0.2144538767730504,-0.015726770785314086,-0.019414108246564865,0.003472883584477729,0.003258429707704679,0.003043975830931628
2023-08-23,-0.000988269770346886,0.2633812922011015,0.003322706012226337,0.004310975782573223,-0.0012516510625479875,-0.001515032354749089,-0.0017784136469501906
2023-08-24,0.00852874080949387,0.23701595411013682,-0.003878614201015621,-0.012407355010509491,0.008291724855383733,0.008054708901273596,0.00781769294716346
2023-08-25,0.0004015266124054555,0.26801930586912265,0.01363012280053345,0.013228596188127995,0.00013350730653633282,-0.00013451199933278983,-0.0004025313052019125
2023-08-28,-0.0055061805501238105,0.29752696957264557,0.01674590599987352,0.02225208654999733,-0.005803707519696456,-0.0061012344892691014,-0.006398761458841747
2023-08-29,-0.005489474288853151,0.2848602557259674,-0.0045163345739378455,0.0009731397149153054,-0.005774334544579119,-0.006059194800305086,-0.0063440550560310525
2023-08-30,0.0011351098107193047,0.27821914467180064,-0.004816596509328074,-0.0059517063200473785,0.000856890666047504,0.0005786715213757034,0.00030045237670390276
2023-08-31,-0.0005998054523952306,0.23831508403462032,0.0014894097573123872,0.0020892152097076178,-0.0008381205364298509,-0.0010764356204644712,-0.0013147507044990914
2023-09-01,0.004218137001153081,0.29557995685401806,0.01799505587434396,0.01377691887319088,0.003922557044299064,0.003626977087445045,0.0033313971305910274
2023-09-04,-0.0016958532129894913,0.2565583280270826,-0.008596315534926575,-0.006900462321937084,-0.0019524115410165738,-0.0022089698690436563,-0.002465528197070739
2023-09-05,-0.0012921317201273538,0.21468636643600703,-0.0008488383272362896,0.0004432933928910643,-0.0015068180865633607,-0.0017215044529993678,-0.0019361908194353748
2023-09-06,0.0017567301475589735,0.2609520767859258,-0.013330265290182306,-0.01508699543774128,0.0014957780707730477,0.001234825993987122,0.0009738739172011961
2023-09-07,-0.0012218858537262553,0.23489776612837204,-2.980669522641827e-05,0.001192079158499837,-0.0014567836198546274,-0.0016916813859829995,-0.0019265791521113716
2023-09-08,-0.0009025857517035163,0.2766909431184731,0.010806349971005186,0.011708935722708702,-0.0011792766948219894,-0.0014559676379404625,-0.0017326585810589355
2023-09-11,-0.0011139484367897216,0.22125396407712683,-0.0016043982714047137,-0.0004904498346149921,-0.0013352024008668486,-0.0015564563649439753,-0.001777710329021102
2023-09-12,0.0019007868365524027,0.2083899606774447,-0.007577721658241966,-0.009478508494794369,0.001692396875874958,0.0014840069151975132,0.0012756169545200687
2023-09-13,0.005387631677084985,0.20295402899117848,0.003203041585156145,-0.0021845900919288397,0.0051846776480938064,0.004981723619102628,0.00477876959011145
2023-09-14,-0.001069658462506193,0.23535715996403542,-0.00046185697763081215,0.000607801484875381,-0.0013050156224702284,-0.001540372782434264,-0.0017757299423982994
2023-09-15,-0.0036317832190501838,0.21715287708879522,-0.0008266973663079888,0.002805085852742195,-0.003848936096138979,-0.004066088973227774,-0.004283241850316569
2023-09-18,0.005025788126285283,0.23561182476016496,-0.00037718758941152877,-0.005402975715696812,0.004790176301525118,0.004554564476764954,0.004318952652004789
2023-09-19,0.0019339738659351607,0.20944493491427463,-0.004372133755704806,-0.006306107621639967,0.0017245289310208862,0.0015150839961066114,0.0013056390611923367
2023-09-20,0.0009536949373182974,0.23581083812686054,-0.005788366644144324,-0.006742061581462622,0.0007178840991914368,0.0004820732610645762,0.0002462624229377158
2023-09-21,-0.0014495945054543574,0.22073859764432774,0.013953778661464397,0.015403373166918755,-0.0016703331030986852,-0.001891071700743013,-0.0021118102983873404
2023-09-22,-0.0007660246040961704,0.2056648652315829,-0.006269904464139696,-0.005503879860043526,-0.0009716894693277533,-0.0011773543345593362,-0.0013830191997909191
2023-09-25,-0.00016304800856322115,0.22113278713876672,-0.0034034310058823234,-0.0032403829973191023,-0.00038418079570198783,-0.0006053135828407545,-0.0008264463699795213
2023-09-26,-0.003849284379565782,0.18694620344976168,0.0012730791877865126,0.005122363567352295,-0.004036230583015544,-0.004223176786465306,-0.004410122989915067
2023-09-27,-0.0018802626273956746,0.24438263135191732,0.0011511495121392756,0.0030314121395349503,-0.002124645258747592,-0.0023690278900995094,-0.0026134105214514263
2023-09-28,-0.00035900289255186985,0.24954800530636018,-0.005942292903242559,-0.005583290010690689,-0.0006085508978582301,-0.0008580989031645902,-0.0011076469084709503
2023-10-09,-0.0017367617313522009,0.2493161404239384,-0.006508141485299459,-0.004771379753947258,-0.0019860778717761393,-0.0022353940122000777,-0.002484710152624016
2023-10-10,0.0010072598653864495,0.22426502978930885,0.0010844566115197174,7.719674613326788e-05,0.0007829948355971407,0.0005587298058078319,0.0003344647760185229
2023-10-11,0.0003352952209617274,0.2608084508828492,0.00792305357952968,0.007587758358567953,7.448677007887823e-05,-0.00018632168080397096,-0.0004471301316868202
2023-10-12,-0.0013226014884667094,0.23664295252620376,-0.007976717347885817,-0.0066541158594191074,-0.0015592444409929132,-0.001795887393519117,-0.0020325303460453207
2023-10-13,0.004238848766442673,0.25267082270980834,-0.005021268309894664,-0.009260117076337337,0.003986177943732865,0.0037335071210230567,0.0034808362983132484
2023-10-16,-0.0034767358822971393,0.22927549076480716,-0.0006194475366025974,0.002857288345694542,-0.0037060113730619463,-0.003935286863826754,-0.004164562354591561
2023-10-17,-0.0012398721087176733,0.2441346382781207,-0.01373244313480448,-0.012492571026086807,-0.001484006746995794,-0.0017281413852739146,-0.0019722760235520356
2023-10-18,-0.004836865935037482,0.2664439574119316,-0.015621926869759906,-0.010785060934722424,-0.005103309892449414,-0.005369753849861346,-0.005636197807273277
2023-10-19,0.0011178187040309581,0.23904981497860056,-0.006040003435530218,-0.007157822139561176,0.0008787688890523576,0.000639719074073757,0.00040066925909515644
2023-10-20,0.00422582243338265,0.22144111076702716,-0.020457746193259577,-0.024683568626642227,0.004004381322615623,0.0037829402118485954,0.0035614991010815686
2023-10-23,0.003696975575451943,0.20834903235748536,0.015595601217513176,0.011898625642061234,0.0034886265430944577,0.003280277510736972,0.003071928478379487
2023-10-24,0.001902346930221092,0.1888519336863667,0.00656221570701934,0.004659868776798248,0.0017134949965347253,0.0015246430628483587,0.0013357911291619919
2023-10-25,0.0005955346679143584,0.2137703163121817,0.005089126043563334,0.004493591375648975,0.00038176435160217667,0.00016799403528999497,-4.5776281022186834e-05
2023-10-26,-0.0014160386534271055,0.22018718238112325,0.015867568620866794,0.0172836072742939,-0.0016362258358082289,-0.001856413018189352,-0.0020766002005704752
2023-10-27,-0.0013233012722242768,0.2789741826997909,0.008720662517715604,0.01004396378993988,-0.0016022754549240678,-0.0018812496376238586,-0.0021602238203236495
2023-10-30,0.0023044181331772903,0.23367605725864538,-0.0007750611942480703,-0.0030794793274253607,0.002070742075918645,0.0018370660186599996,0.0016033899614013541
2023-10-31,0.0010576578903349716,0.19559394636786673,-0.002030426159187905,-0.0030880840495228767,0.0008620639439671048,0.0006664699975992381,0.0004708760512313714
2023-11-01,0.0017731696299051044,0.21975612472768707,-0.007261924079921365,-0.00903509370982647,0.0015534135051774173,0.0013336573804497301,0.0011139012557220432
2023-11-02,-0.005329347793419948,0.2085267833983998,0.004165741968492875,0.009495089761912823,-0.005537874576818347,-0.005746401360216747,-0.0059549281436151475
2023-11-03,-0.0005093321175934432,0.24552289254720794,0.016672619435036028,0.01718195155262947,-0.0007548550101406511,-0.0010003779026878591,-0.001245900795235067
2023-11-06,0.00035904877579637944,0.20933058149789366,0.0016123494714764613,0.0012533006956800818,0.00014971819429848577,-5.961238719940791e-05,-0.0002689429686973015
2023-11-07,0.002681740997772549,0.24348921797102155,0.0023009509329627053,-0.0003807900648098439,0.002438251779801528,0.002194762561830506,0.0019512733438594846
2023-11-08,-0.00042529272336550754,0.2324469450417027,-0.003069497723617039,-0.0026442050002515316,-0.0006577396684072103,-0.0008901866134489129,-0.0011226335584906158
2023-11-09,0.000812032206820286,0.24596258529101495,-0.002373781574053728,-0.003185813780874014,0.0005660696215292711,0.00032010703623825613,7.414445094724119e-05
2023-11-10,0.0026111936599980765,0.21372796964536864,0.008575226965643066,0.005964033305644989,0.002397465690352708,0.002183737720707339,0.0019700097510619704
2023-11-13,0.0018234764533117424,0.20516215557936127,0.006429525961168111,0.004606049507856369,0.001618314297732381,0.0014131521421530198,0.0012079899865736587
2023-11-14,-0.002224340043263511,0.22316461085358166,0.004044016883475705,0.006268356926739216,-0.0024475046541170926,-0.0026706692649706744,-0.0028938338758242557
2023-11-15,0.001107792306007169,0.22208505126221254,-0.008514679101048686,-0.009622471407055855,0.0008857072547449566,0.0006636222034827441,0.0004415371522205314
2023-11-16,-0.0008297286740105072,0.23599593875920696,0.0032484015637476524,0.00407813023775816,-0.0010657246127697142,-0.0013017205515289212,-0.001537716490288128
2023-11-17,0.0009144572403034859,0.237166630919316,0.006107784328212469,0.005193327087908983,0.0006772906093841698,0.00044012397846485385,0.00020295734754553795
2023-11-20,0.0003936511651540745,0.23893261772529067,-0.0027657528686409246,-0.003159404033794999,0.00015471854742878384,-8.421407029650683e-05,-0.0003231466880217975
2023-11-21,0.002151111666221634,0.2543994256585732,-0.00981851521496056,-0.011969626881182194,0.0018967122405630608,0.0016423128149044876,0.0013879133892459143
2023-11-22,0.0011176512725310714,0.23055619960693244,0.01025849107276968,0.00914083980023861,0.0008870950729241389,0.0006565388733172064,0.0004259826737102741
2023-11-23,0.003380698646414395,0.206000134889884,-0.005838036973965053,-0.009218735620379448,0.003174698511524511,0.0029686983766346268,0.0027626982417447428
2023-11-24,0.00047758379569859253,0.25497265256493384,9.601041354471908e-06,-0.0004679827543441206,0.00022261114313365868,-3.236150943127517e-05,-0.0002873341619962089
2023-11-27,0.0010273634840268645,0.2532401193010094,0.0056890688289422545,0.00466170534491539,0.000774123364725855,0.0005208832454248457,0.00026764312612383623
2023-11-28,0.0007798818291630599,0.27065677427160006,-0.005900554137537256,-0.0066804359667003155,0.0005092250548914598,0.0002385682806198598,-3.208849365174025e-05
2023-11-29,0.002240764108253643,0.23987235232666332,0.0009514580161776396,-0.0012893060920760036,0.0020008917559269797,0.0017610194036003165,0.0015211470512736533
2023-11-30,0.005348572417628018,0.19744191267095962,0.009344071991275994,0.003995499573647976,0.005151130504957059,0.004953688592286099,0.00475624667961514
2023-12-01,0.0013548338482331414,0.26538493485165987,0.0001519920932304044,-0.001202841755002737,0.0010894489133814816,0.0008240639785298217,0.0005586790436781618
2023-12-04,0.0012728914307322675,0.23137420381475066,-0.016451080547097666,-0.017723971977829933,0.001041517226917517,0.0008101430231027662,0.0005787688192880155
2023-12-05,-0.00039377512069352534,0.2454010022675704,0.0037470880743681583,0.004140863195061684,-0.0006391761229610957,-0.0008845771252286661,-0.0011299781274962365
2023-12-06,0.0010304512017157855,0.2518415859844423,0.0011484120242514642,0.00011796082253567874,0.0007786096157313433,0.000526768029746901,0.0002749264437624586
2023-12-07,-0.0004482788106832062,0.22684785831002663,0.0027039924563434566,0.003152271267026663,-0.0006751266689932328,-0.0009019745273032595,-0.001128822385613286
2023-12-08,0.0005390704863193208,0.4026011202317982,0.012935838221800583,0.012396767735481262,0.0001364693660875225,-0.00026613175414427574,-0.0006687328743760739
2023-12-11,0.002739495748756678,0.26839047424467366,0.00370066895811841,0.000961173209361732,0.002471105274512004,0.0022027148002673304,0.001934324326022657
2023-12-12,-0.0003974611012095199,0.28447262965738873,-0.010843016773259042,-0.010445555672049522,-0.0006819337308669087,-0.0009664063605242974,-0.0012508789901816862
2023-12-13,0.0018690235072054333,0.2707009784361176,-0.0010420622213504844,-0.0029110857285559177,0.0015983225287693158,0.001327621550333198,0.0010569205718970803
2023-12-14,0.0007079607396918586,0.2319217348482302,-0.006085761304984684,-0.006793722044676542,0.00047603900484362847,0.0002441172699953983,1.2195535147168008e-05
2023-12-15,0.0006165707791629046,0.2651384001287581,-0.011185082762461641,-0.011801653541624546,0.00035143237903414656,8.629397890538848e-05,-0.0001788444212233697
2023-12-18,0.00036571998757384467,0.22205788074168606,-0.0004108110707897718,-0.0007765310583636165,0.0001436621068321586,-7.839577390952748e-05,-0.00030045365465121345
2023-12-19,-0.0008185588461706861,0.24859813315048845,-0.013656178366894506,-0.01283761952072382,-0.0010671569793211746,-0.0013157551124716631,-0.0015643532456221516
2023-12-20,0.0008534919611006241,0.2341380721339601,0.006278939559200333,0.0054254475980997086,0.000619353888966664,0.00038521581683270386,0.00015107774469874376
2023-12-21,-0.0018443670680921903,0.19687401030367876,-0.006182832233439051,-0.004338465165346861,-0.002041241078395869,-0.002238115088699548,-0.002434989099003227
2023-12-22,-3.344027170740498e-05,0.2794777297528221,0.0008776951876113521,0.0009111354593187571,-0.0003129180014602271,-0.0005923957312130492,-0.0008718734609658714
2023-12-25,0.0004287462283760167,0.23076682604977594,-0.010184345061621084,-0.0106130912899971,0.00019797940232624075,-3.2787423723535205e-05,-0.00026355424977331113
2023-12-26,-0.0020199875627826573,0.24387309178208516,0.003328168643527138,0.005348156206309795,-0.0022638606545647426,-0.0025077337463468275,-0.002751606838128913
2023-12-27,-0.0034016656398223044,0.2759985589715426,0.014890398207361877,0.01829206384718418,-0.003677664198793847,-0.00395366275776539,-0.004229661316736932
2023-12-28,-0.0024656236061098152,0.2385905630250386,0.0062797244748828834,0.008745348080992699,-0.0027042141691348536,-0.0029428047321598924,-0.0031813952951849312
2023-12-29,0.00658706512427287,0.2296572298306757,0.0030514843029375545,-0.0035355808213353157,0.006357407894442195,0.006127750664611519,0.005898093434780843
2024-01-02,0.004733621056256364,0.2464664266906174,0.0033855462978310087,-0.001348074758425355,0.004487154629565746,0.004240688202875129,0.003994221776184512
2024-01-03,0.004560793677432824,0.246477407055277,-0.003825443869368743,-0.008386237546801567,0.004314316270377547,0.00406783886332227,0.003821361456266993
2024-01-04,0.0015833928540442462,0.2394935356971342,-0.012072099250545693,-0.013655492104589939,0.001343899318347112,0.0011044057826499777,0.0008649122469528436
2024-01-05,0.0027190693752288976,0.22470849197038,-0.018888407842683776,-0.021607477217912674,0.0024943608832585177,0.0022696523912881378,0.002044943899317758
2024-01-08,0.000998486655997112,0.24552775039003485,0.0037486386795062567,0.0027501520235091448,0.000752958905607077,0.0005074311552170422,0.0002619034048270074
2024-01-09,-0.003288525777868926,0.23182638310838027,-0.007363479274325072,-0.004074953496456146,-0.003520352160977306,-0.0037521785440856863,-0.0039840049271940665
2024-01-10,7.012315851883527e-05,0.23889213749943025,0.012897411517922446,0.01282728835940361,-0.000168768978980595,-0.00040766111648002525,-0.0006465532539794554
2024-01-11,-0.0006357055476591067,0.22703837332921886,-0.0038379399425074534,-0.0032022343948483467,-0.0008627439209883256,-0.0010897822943175444,-0.0013168206676467632
2024-01-12,0.001453351821018649,0.23787497178367936,-0.0008139932665840856,-0.0022673450876027346,0.0012154768492349697,0.0009776018774512903,0.0007397269056676109
2024-01-15,-0.0016092604493285166,0.2644714169594502,-0.0019325312170228558,-0.00032327076769433916,-0.0018737318662879667,-0.002138203283247417,-0.002402674700206867
2024-01-16,0.0015531128808779979,0.24359102305012476,-0.02338084740788505,-0.024933960288763046,0.001309521857827873,0.0010659308347777483,0.0008223398117276237
2024-01-17,-0.0002584948195619697,0.23957863705735263,0.0012047926904158479,0.0014632875099778175,-0.0004980734566193223,-0.0007376520936766749,-0.0009772307307340275
2024-01-18,0.0009045174210047229,0.239246188881312,-0.008474049916985084,-0.009378567337989807,0.0006652712321234109,0.00042602504324209894,0.00018677885436078694
2024-01-19,-0.0008070320011097643,0.23651028483388886,-0.04893955589541976,-0.04813252389431,-0.001043542285943653,-0.001280052570777542,-0.0015165628556114308
2024-01-22,0.003239554262301908,0.28760824659093703,0.021308199411771284,0.018068645149469376,0.002951946015710971,0.002664337769120034,0.002376729522529097
2024-01-23,0.0014120701904199572,0.25221135390213345,0.015621161853780553,0.014209091663360596,0.001159858836517824,0.0009076474826156904,0.0006554361287135569
2024-01-24,0.0009627526463452975,0.25360034396437175,0.029128258845347563,0.028165506199002266,0.0007091523023809257,0.000455551958416554,0.0002019516144521822
2024-01-25,0.0044388351047084315,0.2858085484866828,-0.004473477693493606,-0.008912312798202038,0.004153026556221749,0.003867218007735066,0.003581409459248383
2024-01-26,0.003894093904080423,0.27733189336495745,-0.0158439432350969,-0.019738037139177322,0.0036167620107154653,0.003339430117350508,0.0030620982239855507
2024-01-29,0.0018206170353255377,0.3068398968328739,-0.02099067097872876,-0.0228112880140543,0.001513777138492664,0.00120693724165979,0.000900097344826916
2024-01-30,0.003784985690213155,0.22209230820565176,-0.0206294269870749,-0.024414412677288055,0.0035628933820075035,0.003340801073801852,0.0031187087655961997
2024-01-31,0.0026103185417191326,0.26558596936807244,-0.0008104330001338185,-0.003420751541852951,0.00234473257235106,0.002079146602982988,0.0018135606336149154
2024-02-01,-0.0006185506459636045,0.19215025824968285,-0.024988455417410786,-0.02436990477144718,-0.0008107009042132873,-0.00100285116246297,-0.001195001420712653
2024-02-02,-0.004170543514114493,0.31240396929658876,-0.026115103624683493,-0.021944560110569,-0.004482947483411081,-0.004795351452707671,-0.005107755422004259
2024-02-05,-0.001501488910655352,0.299346697850814,0.07396772183324876,0.07546921074390411,-0.001800835608506166,-0.00210018230635698,-0.002399529004207794
2024-02-06,0.0034542002430655583,0.30485750422042085,0.06523925743014594,0.06178505718708038,0.0031493427388451373,0.0028444852346247167,0.0025396277304042957
2024-02-07,0.0007928523621390932,0.3294584496765725,0.00947732826833235,0.008684475906193256,0.0004633939124625207,0.0001339354627859482,-0.0001955229868906244
2024-02-08,-0.0034583730586420242,0.3065990494787267,-0.004688182655776614,-0.0012298095971345901,-0.0037649721081207507,-0.004071571157599477,-0.004378170207078204
2024-02-19,0.0010029983623353375,0.34093208571872413,0.0012782519134161604,0.00027525355108082294,0.0006620662766166133,0.00032113419089788923,-1.9797894820834834e-05
2024-02-20,0.0026733258831321896,0.3352669581691484,0.002732118880283803,5.8792997151613235e-05,0.002338058924963041,0.0020027919667938926,0.0016675250086247444
2024-02-21,-0.0018221049635641657,0.34797852517523986,0.0057621111095912374,0.007584216073155403,-0.0021700834887394055,-0.002518062013914645,-0.0028660405390898854
2024-02-22,0.0018333678177367245,0.29628498398264835,0.0062247092879186665,0.004391341470181942,0.0015370828337540761,0.0012407978497714278,0.0009445128657887794
2024-02-23,0.0003609576142414041,0.2854153551014189,0.00021764977099583823,-0.0001433078432455659,7.554225913998519e-05,-0.00020987309596143375,-0.0004952884510628526
2024-02-26,-0.0011154281822679454,0.2908992768796933,0.020468369227862555,0.0215837974101305,-0.0014063274591476387,-0.001697226736027332,-0.0019881260129070255
2024-02-27,0.004436003808711408,0.261957564303134,-0.018854760731722476,-0.023290764540433884,0.004174046244408274,0.00391208868010514,0.0036501311158020056
2024-02-28,-0.0039859082950089025,0.2368873109270746,0.027360729460623498,0.0313466377556324,-0.004222795605935977,-0.004459682916863052,-0.004696570227790126
2024-02-29,-0.003514959384771191,0.259107763357201,0.0027954295267442835,0.006310388911515474,-0.003774067148128392,-0.004033174911485592,-0.004292282674842794
2024-03-01,-0.0066372760655971155,0.22859775725092002,-0.004492395938435374,0.0021448801271617413,-0.006865873822848035,-0.007094471580098956,-0.007323069337349875
2024-03-04,-0.001722597167788057,0.22755405201190712,-0.008263229043183832,-0.006540631875395775,-0.0019501512197999643,-0.0021777052718118715,-0.0024052593238237784
2024-03-05,-0.00015210556388879875,0.23913155120104573,-0.0001965733646513031,-4.446780076250434e-05,-0.00039123711508984446,-0.0006303686662908902,-0.000869500217491936
2024-03-06,0.001820821713106097,0.27371683164752425,-0.011704263810618459,-0.013525085523724556,0.0015471048814585727,0.0012733880498110484,0.0009996712181635243
2024-03-07,0.0004619587142162436,0.2722243920948318,0.014262788363187801,0.013800829648971558,0.00018973432212141184,-8.249006997341991e-05,-0.00035471446206825183
2024-03-08,-0.0030619553988769713,0.242588356345655,0.01401279720012396,0.01707475259900093,-0.0033045437552226263,-0.0035471321115682812,-0.0037897204679139362
2024-03-11,0.0007309601274040857,0.25275608287856827,-0.0022660442996116957,-0.0029970044270157814,0.0004782040445255174,0.00022544796164694918,-2.730812123161912e-05
2024-03-12,0.0017185724396707026,0.25365928479007654,0.00041277856197967215,-0.0013057938776910305,0.001464913154880626,0.0012112538700905495,0.000957594585300473
2024-03-13,0.0015146379485414209,0.22848432931493506,-0.002263980113373619,-0.00377861806191504,0.0012861536192264858,0.0010576692899115507,0.0008291849605966157
2024-03-14,0.0046668216862497044,0.25272928746130563,0.016148126339238615,0.01148130465298891,0.004414092398788399,0.004161363111327093,0.003908633823865788
2024-03-15,-0.0014919600746045609,0.255812913258465,0.012274730082749317,0.013766690157353878,-0.0017477729878630258,-0.002003585901121491,-0.002259398814379956
2024-03-18,0.0025123651603294415,0.27015185191301877,-0.006381856696860691,-0.008894221857190132,0.0022422133084164225,0.001972061456503404,0.0017019096045903853
2024-03-19,0.001459420998396071,0.2611812149038128,0.004454062194378766,0.0029946411959826946,0.0011982397834922583,0.0009370585685884454,0.0006758773536846325
2024-03-20,0.0012222901233773374,0.2412769419761459,-0.003595582650478587,-0.004817872773855925,0.0009810131814011916,0.0007397362394250455,0.0004984592974488997
2024-03-21,0.002388413278973803,0.21874156042680215,-0.012408091471874013,-0.014796504750847816,0.0021696717185470007,0.0019509301581201988,0.0017321885976933967
2024-03-22,0.0020077579922207524,0.2669630989381172,-0.01465023147993005,-0.016657989472150803,0.001740794893282635,0.0014738317943445178,0.0012068686954064007
2024-03-25,0.00025760964012932954,0.25468633960867026,-0.0014542397159408313,-0.0017118493560701609,2.9233005206593006e-06,-0.00025176303908801094,-0.0005064493786966812
2024-03-26,0.0008819033121119924,0.28112437869542806,-0.023417235844825607,-0.0242991391569376,0.0006007789334165643,0.00031965455472113627,3.853017602570817e-05
2024-03-27,0.0012099272412989213,0.23326938646288672,0.01437573366144634,0.013165806420147419,0.0009766578548360346,0.000743388468373148,0.0005101190819102611
2024-03-28,-0.002187262525991062,0.24205879961089274,0.009918708117469689,0.01210597064346075,-0.002429321325601955,-0.0026713801252128476,-0.00291343892482374
2024-03-29,-0.0035984304031091083,0.24476219521158316,0.018119853712086166,0.021718284115195274,-0.0038431925983206912,-0.004087954793532274,-0.004332716988743858
2024-04-01,0.0035369615282296487,0.2349788681271047,8.448048251802494e-06,-0.003528513479977846,0.003301982660102544,0.0030670037919754392,0.0028320249238483345
2024-04-02,-0.0011541759345224732,0.24705749601167135,-0.0022139908728665346,-0.0010598149383440614,-0.0014012334305341446,-0.001648290926545816,-0.0018953484225574873
2024-04-03,0.0023448986553893,0.23930841451633825,-0.011654081047202596,-0.013998979702591896,0.002105590240872962,0.0018662818263566233,0.0016269734118402853
2024-04-08,-0.0017004562216716267,0.2874445749965082,0.006783471475271656,0.008483927696943283,-0.001987900796668135,-0.0022753453716646433,-0.0025627899466611516
2024-04-09,0.0018519334823903014,0.23596655701586236,-0.010628044199842555,-0.012479977682232857,0.001615966925374439,0.0013800003683585766,0.0011440338113427144
2024-04-10,0.00036372852283414296,0.2465176383464291,0.00561357059287723,0.005249842070043087,0.00011721088448771384,-0.0001293067538587153,-0.0003758243922051443
2024-04-11,-0.003591952142924064,0.20604922430027467,-0.008119900939673179,-0.004527948796749115,-0.0037980013672243387,-0.0040040505915246135,-0.004210099815824888
2024-04-12,-0.003974519949057393,0.25203472017396783,0.008181126509210773,0.012155646458268166,-0.004226554669231361,-0.004478589389405328,-0.004730624109579296
2024-04-15,0.0029494269526802383,0.273599180227541,-0.024868060763994566,-0.027817487716674805,0.0026758277724526973,0.0024022285922251562,0.0021286294119976156
2024-04-16,-0.0006258129953615778,0.2735236859811865,0.027826805052233446,0.028452618047595024,-0.0008993366813427643,-0.0011728603673239507,-0.0014463840533051372
2024-04-17,-0.0007137854262920362,0.24444265538316326,0.001495544318508889,0.0022093297448009253,-0.0009582280816751994,-0.0012026707370583626,-0.001447113392441526
2024-04-18,0.0037152562821664062,0.20733860379667007,-0.0026032663350544724,-0.006318522617220879,0.0035079176783697364,0.003300579074573066,0.003093240470776396
2024-04-19,-0.0067332568735939125,0.238826902613257,-0.015136548799381838,-0.008403291925787926,-0.006972083776207169,-0.007210910678820426,-0.007449737581433684
2024-04-22,0.0017868413340940206,0.2455929914741722,-0.009263254447589901,-0.011050095781683922,0.0015412483426198483,0.001295655351145676,0.001050062359671504
2024-04-23,0.0010215261296745055,0.24397713745221117,0.011606152476501059,0.010584626346826553,0.0007775489922222944,0.0005335718547700833,0.000289594717317872
2024-04-24,0.002312997253158694,0.23742345276427498,0.0018607913069553727,-0.0004522059462033212,0.002075573800394419,0.0018381503476301438,0.001600726894865869
2024-04-25,0.004043248525448989,0.22836767789672552,0.025502183518000793,0.021458934992551804,0.0038148808475522637,0.0035865131696555383,0.0033581454917588124
2024-04-26,0.0011281985637273569,0.2476948640465434,0.020901866241964318,0.01977366767823696,0.0008805036996808134,0.0006328088356342701,0.0003851139715877267
2024-04-29,-0.005756306355542454,0.2374955931641737,-0.012432572325414929,-0.006676265969872475,-0.005993801948706628,-0.006231297541870802,-0.006468793135034975
2024-04-30,-0.0020572628603473114,0.26112375951295214,0.014150372542332132,0.016207635402679443,-0.0023183866198602633,-0.0025795103793732157,-0.002840634138886168
2024-05-06,-9.832077658808572e-05,0.24783336196476088,-0.0001683717756446336,-7.005099905654788e-05,-0.0003461541385528466,-0.0005939875005176074,-0.0008418208624823684
2024-05-07,0.001724922784705766,0.213662701299819,-0.010524545109729163,-0.012249467894434929,0.001511260083405947,0.001297597382106128,0.0010839346808063088
2024-05-08,-0.002105301892154958,0.274972110132558,0.015891508484489177,0.017996810376644135,-0.002380274002287516,-0.002655246112420074,-0.0029302182225526318
2024-05-09,0.0032170054113111316,0.2093507706810433,-0.00013161892242814896,-0.0033486243337392807,0.0030076546406300883,0.002798303869949045,0.0025889530992680015
2024-05-10,0.000950309377112964,0.2668075441504038,-0.0042629345097154586,-0.0052132438868284225,0.0006835018329625602,0.0004166942888121564,0.00014988674466175262
2024-05-13,-0.0016188862796644777,0.21287892199179415,-0.002176893264311841,-0.0005580069846473634,-0.001831765201656272,-0.002044644123648066,-0.00225752304563986
2024-05-14,0.005298545313875514,0.23072715359804283,-0.0042133706529928865,-0.0095119159668684,0.005067818160277471,0.004837091006679429,0.0046063638530813855
2024-05-15,0.004522894464628011,0.21099715229559374,0.0012732669266026315,-0.003249627538025379,0.004311897312332417,0.004100900160036823,0.0038899030077412296
2024-05-16,0.002560564991968302,0.25272844964545954,0.015224423003333239,0.012663858011364937,0.0023078365423228426,0.002055108092677383,0.0018023796430319235
2024-05-17,-0.0035503525945309042,0.24340691227033584,0.0025189997901257635,0.006069352384656668,-0.00379375950680124,-0.004037166419071576,-0.0042805733313419116
2024-05-20,-8.22638138959662e-05,0.23886205837865795,-0.007712413647753979,-0.007630149833858013,-0.0003211258722746242,-0.0005599879306532822,-0.00079884998903194
2024-05-21,0.0006695620710706748,0.25298279067748886,-0.0004223351837390624,-0.0010918972548097372,0.0004165792803931859,0.00016359648971569704,-8.938630096179173e-05
2024-05-22,-0.003586641328290417,0.18915269063212692,-0.022560036556676343,-0.018973395228385925,-0.003775794018922544,-0.003964946709554671,-0.004154099400186798
2024-05-23,0.0028163168003818625,0.25556221316911154,-0.005620390048060692,-0.008436706848442554,0.002560754587212751,0.0023051923740436396,0.002049630160874528
2024-05-24,-0.0031536391456573123,0.2743985652967814,0.008018156282141913,0.011171795427799225,-0.003428037710954094,-0.0037024362762508754,-0.0039768348415476565
2024-05-27,0.0022805278775242044,0.25595799148565884,-0.007601559010431461,-0.009882086887955666,0.0020245698860385454,0.0017686118945528869,0.0015126539030672279
2024-05-28,0.0005997059056065935,0.2278812017306614,0.003709817363833632,0.0031101114582270384,0.000371824703875932,0.00014394350214527062,-8.393769958539067e-05
2024-05-29,-0.0023000623707314276,0.2326873775263765,-0.005076269307418659,-0.002776206936687231,-0.002532749748257804,-0.0027654371257841807,-0.002998124503310557
2024-05-30,-0.0015872617463391805,0.2341762789113655,-0.0009612307862189198,0.0006260309601202607,-0.001821438025250546,-0.0020556143041619117,-0.002289790583073277
2024-05-31,-0.008505188163812304,0.24233527225294255,-0.014819523554737712,-0.006314335390925407,-0.008747523436065247,-0.008989858708318189,-0.009232193980571133
2024-06-03,-0.002304465619313212,0.2447249240159173,0.010759363772881536,0.013063829392194748,-0.0025491905433291293,-0.002793915467345047,-0.003038640391360964
2024-06-04,-0.004359708404038737,0.2418875645976377,-0.015730853428934405,-0.011371145024895668,-0.004601595968636374,-0.0048434835332340125,-0.00508537109783165
2024-06-05,-0.006130434846767657,0.255620792250104,-0.014325468143710367,-0.008195033296942711,-0.0063860556390177604,-0.006641676431267864,-0.006897297223517968
2024-06-06,0.010952076267463164,0.2676558402186443,0.008341791665193634,-0.0026102846022695303,0.01068442042724452,0.010416764587025876,0.010149108746807231
2024-06-07,-0.006762962957175555,0.2612409215843315,-0.004964482790121915,0.0017984801670536399,-0.007024203878759887,-0.007285444800344218,-0.007546685721928549
2024-06-11,-0.0036259922581262853,0.24999312322523734,-2.4529212201383332e-05,0.003601463045924902,-0.0038759853813515226,-0.00412597850457676,-0.004375971627801997
2024-06-12,-0.0011051117618396736,0.20865262945389973,-0.007492743636371181,-0.0063876318745315075,-0.0013137643912935733,-0.001522417020747473,-0.0017310696502013728
2024-06-13,0.002486216329836307,0.2418628425386406,0.006623512093775926,0.004137295763939619,0.0022443534872976663,0.0020024906447590257,0.001760627802220385
2024-06-14,-0.008988633574223932,0.2831281255717065,-0.008637624382278736,0.0003510091919451952,-0.009271761699795638,-0.009554889825367344,-0.00983801795093905
2024-06-17,0.0012336383480068764,0.34328438678946976,0.006044376725279959,0.004810738377273083,0.0008903539612174066,0.0005470695744279368,0.000203785187638467
2024-06-18,0.0053636128485072335,0.2582033487075219,-0.005872468051327399,-0.011236080899834633,0.005105409499799712,0.00484720615109219,0.004589002802384667
2024-06-19,0.0017820185420612152,0.18899230867281266,-0.012487743199100131,-0.014269761741161346,0.0015930262333884026,0.0014040339247155898,0.0012150416160427772
2024-06-20,-0.002210203525096731,0.21936690479566157,-0.00024000761513467267,0.001970195909962058,-0.0024295704298923923,-0.002648937334688054,-0.0028683042394837153
2024-06-21,-0.001014215975625496,0.18092923740625227,-0.02183157961033104,-0.020817363634705544,-0.0011951452130317482,-0.0013760744504380004,-0.0015570036878442529
2024-06-24,0.008582095388313591,0.23197428649126678,0.0005784302540028688,-0.008003665134310722,0.008350121101822323,0.008118146815331058,0.00788617252883979
2024-06-25,-0.0037147543958675165,0.20498118163581544,0.011053010671650241,0.014767765067517757,-0.003919735577503332,-0.004124716759139148,-0.004329697940774963
2024-06-26,0.005462857890744056,0.24413410008188585,-0.012303494852166329,-0.017766352742910385,0.005218723790662171,0.0049745896905802845,0.004730455590498399
2024-06-27,-0.0010097028370550333,0.228014218128205,0.0023831439521560015,0.0033928467892110348,-0.0012377170551832383,-0.0014657312733114432,-0.001693745491439648
2024-06-28,-0.0032317728710737296,0.2181457083044125,0.009963346927109712,0.013195119798183441,-0.003449918579378142,-0.0036680642876825544,-0.0038862099959869672
