date,ex_gross,turnover,ex_net10,ex_net20,ex_net30
2022-07-04,-0.00012859562411904335,1.0000000374711817,-0.0011285956615902251,-0.002128595699061407,-0.0031285957365325885
2022-07-05,0.0005948822945356369,0.05468403548002243,0.0005401982590556145,0.00048551422357559205,0.0004308301880955696
2022-07-06,0.0006872536614537239,0.04567515477538109,0.0006415785066783428,0.0005959033519029617,0.0005502281971275806
2022-07-07,0.00010784994810819626,0.030049610882997513,7.780033722519874e-05,4.775072634220123e-05,1.770111545920372e-05
2022-07-08,0.0008578849956393242,0.023652181029319763,0.0008342328146100044,0.0008105806335806846,0.0007869284525513649
2022-07-11,-0.0003616977483034134,0.03585165739059448,-0.00039754940569400787,-0.00043340106308460235,-0.00046925272047519684
2022-07-12,-0.00018862076103687286,0.037533268332481384,-0.00022615402936935426,-0.00026368729770183565,-0.000301220566034317
2022-07-13,-0.00026664044708013535,0.03044302761554718,-0.0002970834746956825,-0.0003275265023112297,-0.0003579695299267769
2022-07-14,0.0011051809415221214,0.03690497577190399,0.0010682759657502175,0.0010313709899783135,0.0009944660142064095
2022-07-15,2.0170584321022034e-05,0.046377308666706085,-2.6206724345684053e-05,-7.258403301239014e-05,-0.00011896134167909623
2022-07-18,0.0003301287069916725,0.057678718119859695,0.0002724499888718128,0.00021477127075195313,0.00015709255263209344
2022-07-19,0.0009038019925355911,0.03188579902052879,0.0008719161935150623,0.0008400303944945336,0.0008081445954740047
2022-07-20,0.0009387182071805,0.05410587787628174,0.0008846123293042183,0.0008305064514279365,0.0007764005735516549
2022-07-21,0.0007566777057945728,0.03438679501414299,0.0007222909107804298,0.0006879041157662869,0.0006535173207521439
2022-07-22,0.0016865655779838562,0.03555838763713837,0.001651007190346718,0.0016154488027095794,0.001579890415072441
2022-07-25,0.00033629313111305237,0.041026461869478226,0.00029526666924357416,0.0002542402073740959,0.0002132137455046177
2022-07-26,0.0009644925594329834,0.037863876670598984,0.0009266286827623844,0.0008887648060917854,0.0008509009294211864
2022-07-27,6.530433893203735e-05,0.0450984463095665,2.0205892622470853e-05,-2.489255368709565e-05,-6.999099999666214e-05
2022-07-28,0.0004966235719621181,0.03289888799190521,0.0004637246839702129,0.0004308257959783077,0.0003979269079864025
2022-07-29,0.00012804660946130753,0.026411063969135284,0.00010163554549217224,7.522448152303695e-05,4.8813417553901674e-05
2022-08-01,0.0016982108354568481,0.03310711309313774,0.0016651037223637103,0.0016319966092705727,0.001598889496177435
2022-08-02,-0.0002499530091881752,0.04961066693067551,-0.0002995636761188507,-0.00034917434304952623,-0.0003987850099802017
2022-08-03,-0.00019040796905755997,0.02828812599182129,-0.00021869609504938126,-0.00024698422104120255,-0.00027527234703302386
2022-08-04,6.1802566051483154e-06,0.035870231688022614,-2.96899750828743e-05,-6.556020677089692e-05,-0.00010143043845891953
2022-08-05,0.0008161067962646484,0.04709986597299576,0.0007690069302916527,0.0007219070643186569,0.0006748071983456612
2022-08-08,-0.000693898182362318,0.04227706789970398,-0.000736175250262022,-0.000778452318161726,-0.00082072938606143
2022-08-09,0.00011812837328761816,0.027111446484923363,9.10169268026948e-05,6.390548031777143e-05,3.679403383284808e-05
2022-08-10,0.0005027465522289276,0.0283610038459301,0.0004743855483829975,0.0004460245445370674,0.00041766354069113735
2022-08-11,0.000655648298561573,0.024741219356656075,0.0006309070792049169,0.0006061658598482608,0.0005814246404916048
2022-08-12,-0.0002942495048046112,0.03214453160762787,-0.0003263940364122391,-0.00035853856801986697,-0.0003906830996274948
2022-08-15,0.0003754459321498871,0.02879488095641136,0.00034665105119347574,0.00031785617023706434,0.000289061289280653
2022-08-16,0.0006359702092595398,0.025599945336580276,0.0006103702639229596,0.0005847703185863793,0.000559170373249799
2022-08-17,0.00017259782180190086,0.039112068712711334,0.00013348575308918953,9.437368437647819e-05,5.526161566376686e-05
2022-08-18,-0.00013238750398159027,0.031332775950431824,-0.0001637202799320221,-0.00019505305588245393,-0.00022638583183288573
2022-08-19,6.199860945343971e-05,0.027695050463080406,3.4303558990359304e-05,6.608508527278902e-06,-2.10865419358015e-05
2022-08-22,0.00017292937263846397,0.03876879811286926,0.00013416057452559472,9.539177641272545e-05,5.662297829985619e-05
2022-08-23,0.00047250837087631226,0.039523929357528687,0.0004329844415187836,0.0003934605121612549,0.0003539365828037262
2022-08-24,0.0013650517212226987,0.030152689665555954,0.0013348990315571428,0.0013047463418915867,0.0012745936522260309
2022-08-25,0.0008538332767784595,0.04669635742902756,0.0008071369193494319,0.0007604405619204044,0.0007137442044913768
2022-08-26,0.0007877261377871037,0.022633057087659836,0.0007650930806994438,0.000742460023611784,0.0007198269665241242
2022-08-29,0.0005949097685515881,0.04711327701807022,0.0005477964915335178,0.0005006832145154476,0.0004535699374973774
2022-08-30,0.0012771598994731903,0.0280059315264225,0.001249153967946768,0.0012211480364203453,0.0011931421048939229
2022-08-31,0.00018877629190683365,0.027604965493083,0.00016117132641375065,0.00013356636092066765,0.00010596139542758465
2022-09-01,0.0009360741823911667,0.0397024005651474,0.0008963717818260193,0.0008566693812608718,0.0008169669806957245
2022-09-02,0.00035839667543768883,0.03494875133037567,0.00032344792410731317,0.0002884991727769375,0.0002535504214465618
2022-09-05,-0.00028347596526145935,0.038123201578855515,-0.0003215991668403149,-0.00035972236841917037,-0.0003978455699980259
2022-09-06,0.0007063858211040497,0.039061546325683594,0.000667324274778366,0.0006282627284526825,0.000589201182126999
2022-09-07,0.0005074962973594666,0.04077763482928276,0.0004667186625301838,0.00042594102770090103,0.00038516339287161827
2022-09-08,-0.00015567056834697723,0.04317007213830948,-0.0001988406404852867,-0.0002420107126235962,-0.00028518078476190564
2022-09-09,0.00040094624273478985,0.0386662557721138,0.00036227998696267605,0.00032361373119056225,0.00028494747541844845
2022-09-13,0.0008694976568222046,0.027624327689409256,0.0008418733291327954,0.0008142490014433861,0.0007866246737539769
2022-09-14,-6.676837801933289e-05,0.027563951909542084,-9.433232992887497e-05,-0.00012189628183841705,-0.00014946023374795914
2022-09-15,0.0010283701121807098,0.034935422241687775,0.000993434689939022,0.0009584992676973343,0.0009235638454556465
2022-09-16,4.315469413995743e-05,0.031180042773485184,1.1974651366472245e-05,-1.9205391407012937e-05,-5.038543418049813e-05
2022-09-19,-0.0006756400689482689,0.04369436204433441,-0.0007193344309926033,-0.0007630287930369377,-0.0008067231550812721
2022-09-20,0.0003671345766633749,0.022785592824220657,0.00034434898383915426,0.00032156339101493356,0.0002987777981907129
2022-09-21,0.0005305702798068523,0.026704110205173492,0.0005038661696016789,0.00047716205939650534,0.00045045794919133184
2022-09-22,-0.00018533319234848022,0.03560248017311096,-0.0002209356725215912,-0.00025653815269470215,-0.0002921406328678131
2022-09-23,0.00042646098881959915,0.038397885859012604,0.0003880631029605866,0.00034966521710157395,0.0003112673312425613
2022-09-26,0.0006293412297964096,0.04258481413125992,0.0005867564156651497,0.0005441716015338897,0.0005015867874026299
2022-09-27,0.0016571078449487686,0.030421610921621323,0.0016266862340271473,0.001596264623105526,0.0015658430121839046
2022-09-28,0.0004508262500166893,0.037809014320373535,0.00041301723569631577,0.00037520822137594224,0.0003373992070555687
2022-09-29,0.00029689446091651917,0.03147144615650177,0.0002654230147600174,0.00023395156860351563,0.00020248012244701385
2022-09-30,0.00038428790867328644,0.025189679116010666,0.00035909822955727577,0.0003339085504412651,0.00030871887132525444
2022-10-10,-0.0003543929196894169,0.03906252235174179,-0.0003934554420411587,-0.0004325179643929005,-0.00047158048674464224
2022-10-11,-0.00031880661845207214,0.04530952870845795,-0.00036411614716053007,-0.00040942567586898805,-0.00045473520457744597
2022-10-12,0.0006187492981553078,0.033246561884880066,0.0005855027362704277,0.0005522561743855477,0.0005190096125006676
2022-10-13,-0.00016641058027744293,0.04808539152145386,-0.0002144959717988968,-0.00026258136332035065,-0.00031066675484180454
2022-10-14,1.955777406692505e-08,0.038597896695137024,-3.85783389210701e-05,-7.717623561620712e-05,-0.00011577413231134415
2022-10-17,0.0007515759207308292,0.04907083511352539,0.0007025050856173038,0.0006534342505037785,0.0006043634153902531
2022-10-18,7.984600961208344e-05,0.044672638177871704,3.5173371434211733e-05,-9.499266743659968e-06,-5.417190492153169e-05
2022-10-19,-7.390463724732399e-05,0.04186258837580681,-0.00011576722562313079,-0.0001576298139989376,-0.00019949240237474442
2022-10-20,0.001566635794006288,0.03530988097190857,0.0015313259130343795,0.001496016032062471,0.0014607061510905624
2022-10-21,0.0009844009764492512,0.04416603222489357,0.0009402349442243576,0.0008960689119994641,0.0008519028797745704
2022-10-24,0.0003891396336257458,0.03678448498249054,0.00035235514864325525,0.0003155706636607647,0.00027878617867827416
2022-10-25,-0.00020972639322280884,0.038655996322631836,-0.00024838238954544067,-0.0002870383858680725,-0.00032569438219070434
2022-10-26,0.0005097417160868645,0.043035782873630524,0.00046670593321323394,0.0004236701503396034,0.00038063436746597294
2022-10-27,2.0276755094528198e-05,0.03546092286705971,-1.5184167772531506e-05,-5.064509063959121e-05,-8.610601350665092e-05
2022-10-28,-0.0005312329158186913,0.039990559220314026,-0.0005712234750390052,-0.0006112140342593193,-0.0006512045934796333
2022-10-31,-0.0010069943964481354,0.04438143968582153,-0.001051375836133957,-0.0010957572758197784,-0.0011401387155056
2022-11-01,3.933906555175781e-06,0.04239681363105774,-3.846290707588196e-05,-8.08597207069397e-05,-0.00012325653433799743
2022-11-02,0.0013655414804816246,0.04620099812746048,0.0013193404823541642,0.0012731394842267036,0.0012269384860992432
2022-11-03,-0.0007591098546981812,0.039701513946056366,-0.0007988113686442375,-0.0008385128825902938,-0.0008782143965363503
2022-11-04,-0.0002821817179210484,0.031115084886550903,-0.0003132968028075993,-0.0003444118876941502,-0.00037552697258070114
2022-11-07,-0.0004957804922014475,0.0475325770676136,-0.0005433130692690611,-0.0005908456463366747,-0.0006383782234042883
2022-11-08,0.0012194830924272537,0.039736367762088776,0.0011797467246651649,0.0011400103569030762,0.0011002739891409874
2022-11-09,-0.00010880362242460251,0.018433265388011932,-0.00012723688781261444,-0.00014567015320062637,-0.0001641034185886383
2022-11-10,1.7496291548013687e-05,0.039824288338422775,-2.232799679040909e-05,-6.215228512883186e-05,-0.00010197657346725464
2022-11-11,-0.000483538955450058,0.033592600375413895,-0.0005171315558254719,-0.0005507241562008858,-0.0005843167565762996
2022-11-14,-0.00020751170814037323,0.03576508164405823,-0.00024327678978443146,-0.0002790418714284897,-0.0003148069530725479
2022-11-15,0.00047852564603090286,0.036521799862384796,0.00044200384616851807,0.0004054820463061333,0.0003689602464437485
2022-11-16,-0.00038030254654586315,0.040203407406806946,-0.0004205059539526701,-0.0004607093613594771,-0.000500912768766284
2022-11-17,0.00043309107422828674,0.036368317902088165,0.00039672275632619857,0.0003603544384241104,0.0003239861205220222
2022-11-18,-0.0003720838576555252,0.022453054785728455,-0.00039453691244125365,-0.0004169899672269821,-0.0004394430220127106
2022-11-21,0.0008318247273564339,0.02722368948161602,0.0008046010378748178,0.0007773773483932019,0.0007501536589115858
2022-11-22,0.0004785521887242794,0.04191169515252113,0.0004366404935717583,0.00039472879841923714,0.000352817103266716
2022-11-23,-0.00014647934585809708,0.031617578119039536,-0.00017809692397713662,-0.00020971450209617616,-0.00024133208021521568
2022-11-24,0.0006622578948736191,0.04116280376911163,0.0006210950911045074,0.0005799322873353958,0.0005387694835662842
2022-11-25,0.00021935626864433289,0.05894632637500763,0.00016040994226932526,0.00010146361589431763,4.251728951931e-05
2022-11-28,0.00018539093434810638,0.02895677089691162,0.00015643416345119477,0.00012747739255428313,9.852062165737152e-05
2022-11-29,-0.00020327858510427177,0.034358978271484375,-0.00023763756337575614,-0.0002719965416472405,-0.0003063555199187249
2022-11-30,0.0007018232718110085,0.04124147817492485,0.0006605817936360836,0.0006193403154611587,0.0005780988372862339
2022-12-01,-2.222391776740551e-05,0.020570043474435806,-4.2793961241841314e-05,-6.336400471627712e-05,-8.393404819071294e-05
2022-12-02,8.078804239630699e-05,0.02809213101863861,5.2695911377668384e-05,2.460378035902977e-05,-3.488350659608844e-06
2022-12-05,3.6330893635749817e-06,0.025168677791953087,-2.1535588428378105e-05,-4.670426622033119e-05,-7.187294401228428e-05
2022-12-06,7.262197323143482e-05,0.0407356433570385,3.1886329874396326e-05,-8.849313482642171e-06,-4.958495683968068e-05
2022-12-07,0.0005887402221560478,0.034389346837997437,0.0005543508753180504,0.0005199615284800529,0.00048557218164205554
2022-12-08,-0.00017423415556550026,0.02856312319636345,-0.0002027972787618637,-0.00023136040195822715,-0.0002599235251545906
2022-12-09,-0.00015337392687797546,0.23613142567542383,-0.0003895053525533993,-0.0006256367782288231,-0.000861768203904247
2022-12-12,0.00027470663189888,0.02288069948554039,0.00025182593241333964,0.0002289452329277992,0.00020606453344225884
2022-12-13,0.00018183537758886814,0.031427040696144104,0.00015040833689272405,0.00011898129619657994,8.755425550043583e-05
2022-12-14,-0.0011369402054697275,0.03239351883530617,-0.0011693337243050337,-0.0012017272431403398,-0.001234120761975646
2022-12-15,-0.0002026241272687912,0.037906110286712646,-0.00024053023755550384,-0.00027843634784221647,-0.00031634245812892916
2022-12-16,0.00012098997831344604,0.02407176047563553,9.691821783781052e-05,7.284645736217499e-05,4.877469688653946e-05
2022-12-19,0.0005894824862480164,0.02301677316427231,0.000566465713083744,0.0005434489399194718,0.0005204321667551994
2022-12-20,0.00012116041034460068,0.02367868833243847,9.748172201216221e-05,7.380303367972375e-05,5.012434534728527e-05
2022-12-21,0.0016300724819302559,0.028949446976184845,0.001601123034954071,0.0015721735879778863,0.0015432241410017014
2022-12-22,0.0004555706400424242,0.03446885943412781,0.0004211017806082964,0.00038663292117416855,0.0003521640617400408
2022-12-23,6.289593875408173e-05,0.1891948618576862,-0.00012629892310360446,-0.00031549378496129065,-0.0005046886468189768
2022-12-26,0.0015736939385533333,0.05074566602706909,0.0015229482725262642,0.0014722026064991952,0.001421456940472126
2022-12-27,0.0006150342524051666,0.03186050057411194,0.0005831737518310546,0.0005513132512569428,0.0005194527506828308
2022-12-28,0.0009484030888415873,0.026881713420152664,0.0009215213754214346,0.0008946396620012819,0.0008677579485811293
2022-12-29,0.0010536601766943932,0.03002311661839485,0.0010236370600759984,0.0009936139434576035,0.0009635908268392086
2022-12-30,-0.00047749094665050507,0.03823987767100334,-0.0005157308243215085,-0.0005539707019925117,-0.0005922105796635151
2023-01-03,0.0002644926426000893,0.03895971551537514,0.00022553292708471417,0.00018657321156933902,0.0001476134960539639
2023-01-04,-8.882023394107819e-05,0.0250856913626194,-0.00011390592530369758,-0.00013899161666631698,-0.0001640773080289364
2023-01-05,8.858158253133297e-05,0.03632006049156189,5.226152203977108e-05,1.5941461548209186e-05,-2.0378598943352705e-05
2023-01-06,-0.0005434947088360786,0.045162383466959,-0.0005886570923030376,-0.0006338194757699966,-0.0006789818592369556
2023-01-09,-0.00032489607110619545,0.03259410336613655,-0.000357490174472332,-0.00039008427783846856,-0.0004226783812046051
2023-01-10,0.0003686407580971718,0.03675734996795654,0.00033188340812921526,0.0002951260581612587,0.00025836870819330215
2023-01-11,-0.0003308380546513945,0.025518253445625305,-0.0003563563080970198,-0.0003818745615426451,-0.0004073928149882704
2023-01-12,0.00039787963032722473,0.02945505455136299,0.00036842457577586173,0.00033896952122449873,0.0003095144666731358
2023-01-13,-0.00022921524941921234,0.037001755088567734,-0.00026621700450778007,-0.0003032187595963478,-0.00034022051468491553
2023-01-16,0.0010682478314265609,0.033428505063056946,0.001034819326363504,0.001001390821300447,0.0009679623162373901
2023-01-17,0.0003607361577451229,0.029606996104121208,0.0003311291616410017,0.0003015221655368805,0.0002719151694327593
2023-01-18,0.0001363717019557953,0.02978566102683544,0.00010658604092895985,7.68003799021244e-05,4.701471887528896e-05
2023-01-19,-0.0004926063120365143,0.027453076094388962,-0.0005200593881309032,-0.0005475124642252922,-0.0005749655403196811
2023-01-20,5.040457472205162e-05,0.041167449206113815,9.237125515937806e-06,-3.193032369017601e-05,-7.309777289628982e-05
2023-01-30,0.0001626596786081791,0.03247024118900299,0.00013018943741917609,9.77191962301731e-05,6.524895504117013e-05
2023-01-31,-0.00031454116106033325,0.026660844683647156,-0.0003412020057439804,-0.00036786285042762757,-0.0003945236951112747
2023-02-01,0.0006536128930747509,0.04720158129930496,0.0006064113117754459,0.000559209730476141,0.000512008149176836
2023-02-02,-0.000292833661660552,0.03141260892152786,-0.0003242462705820799,-0.00035565887950360776,-0.00038707148842513563
2023-02-03,-0.0004377290606498718,0.042498961091041565,-0.0004802280217409134,-0.000522726982831955,-0.0005652259439229966
2023-02-06,-8.89832153916359e-05,0.032381221652030945,-0.00012136443704366684,-0.00015374565869569778,-0.00018612688034772874
2023-02-07,0.0006366213783621788,0.029274936765432358,0.0006073464415967464,0.0005780715048313141,0.0005487965680658817
2023-02-08,-3.4362077713012695e-05,0.0249429140239954,-5.9304991737008095e-05,-8.42479057610035e-05,-0.0001091908197849989
2023-02-09,0.0007552518509328365,0.04619704186916351,0.000709054809063673,0.0006628577671945095,0.000616660725325346
2023-02-10,-5.622301250696182e-05,0.02477818913757801,-8.100120164453983e-05,-0.00010577939078211784,-0.00013055757991969587
2023-02-13,0.0009341191034764051,0.042870137840509415,0.0008912489656358958,0.0008483788277953863,0.0008055086899548769
2023-02-14,-0.00024132628459483385,0.041787222027778625,-0.0002831135066226125,-0.0003249007286503911,-0.00036668795067816974
2023-02-15,7.459893822669983e-05,0.02547372877597809,4.912520945072174e-05,2.3651480674743655e-05,-1.8222481012344325e-06
2023-02-16,0.0005815858021378517,0.03049764409661293,0.0005510881580412388,0.0005205905139446258,0.000490092869848013
2023-02-17,0.0006406782194972038,0.034083135426044464,0.0006065950840711594,0.0005725119486451149,0.0005384288132190704
2023-02-20,0.0002698679454624653,0.03595879673957825,0.00023390914872288703,0.00019795035198330878,0.00016199155524373055
2023-02-21,9.326217696070671e-05,0.0368877574801445,5.637441948056221e-05,1.948666200041771e-05,-1.740109547972679e-05
2023-02-22,0.0003221500664949417,0.021211327984929085,0.00030093873851001264,0.00027972741052508356,0.0002585160825401545
2023-02-23,4.877871833741665e-05,0.025001242756843567,2.377747558057308e-05,-1.2237671762704868e-06,-2.622500993311405e-05
2023-02-24,0.0005861129611730576,0.024507485330104828,0.0005616054758429527,0.0005370979905128479,0.0005125905051827431
2023-02-27,0.00046234577894210815,0.031658023595809937,0.0004306877553462982,0.0003990297317504883,0.00036737170815467836
2023-02-28,0.00020130258053541183,0.01615848019719124,0.0001851441003382206,0.00016898562014102937,0.0001528271399438381
2023-03-01,0.00015580561012029648,0.015097947791218758,0.0001407076623290777,0.00012560971453785897,0.0001105117667466402
2023-03-02,-0.0002747671096585691,0.04320114850997925,-0.00031796825816854835,-0.0003611694066785276,-0.00040437055518850685
2023-03-03,0.0005704015493392944,0.04054573178291321,0.0005298558175563812,0.000489310085773468,0.0004487643539905548
2023-03-06,0.0005724504590034485,0.03510391339659691,0.0005373465456068515,0.0005022426322102547,0.00046713871881365776
2023-03-07,-0.0005654138512909412,0.027664851397275925,-0.0005930787026882172,-0.0006207435540854931,-0.0006484084054827691
2023-03-08,0.00018555793212726712,0.03302489221096039,0.00015253303991630675,0.00011950814770534635,8.648325549438596e-05
2023-03-09,0.0006395624950528145,0.036249082535505295,0.0006033134125173092,0.0005670643299818039,0.0005308152474462986
2023-03-10,0.0010318057611584663,0.03025452420115471,0.0010015512369573117,0.0009712967127561569,0.0009410421885550022
2023-03-13,-2.1648593246936798e-05,0.024063624441623688,-4.571221768856048e-05,-6.977584213018416e-05,-9.383946657180786e-05
2023-03-14,0.0009463098831474781,0.038353417068719864,0.0009079564660787583,0.0008696030490100384,0.0008312496319413186
2023-03-15,0.0004139486700296402,0.024469051510095596,0.0003894796185195446,0.000365010567009449,0.0003405415154993534
2023-03-16,-0.00024301698431372643,0.017596054822206497,-0.0002606130391359329,-0.0002782090939581394,-0.0002958051487803459
2023-03-17,0.0003016964765265584,0.033570244908332825,0.00026812623161822556,0.00023455598670989275,0.00020098574180155994
2023-03-20,0.0006491858512163162,0.030540715903043747,0.0006186451353132724,0.0005881044194102288,0.000557563703507185
2023-03-21,0.00011937646195292473,0.03316435217857361,8.621210977435113e-05,5.3047757595777516e-05,1.9883405417203903e-05
2023-03-22,-0.0010776570998132229,0.014118117280304432,-0.0010917752170935273,-0.0011058933343738317,-0.0011200114516541361
2023-03-23,4.98767476528883e-05,0.020037848502397537,2.9838899150490762e-05,9.801050648093226e-06,-1.0236797854304314e-05
2023-03-24,-0.0005421640817075968,0.025760658085346222,-0.000567924739792943,-0.0005936853978782892,-0.0006194460559636355
2023-03-27,0.0018096910789608955,0.029626911506056786,0.0017800641674548387,0.001750437255948782,0.0017208103444427251
2023-03-28,0.0007181335240602493,0.029149889945983887,0.0006889836341142654,0.0006598337441682815,0.0006306838542222977
2023-03-29,0.0005015968345105648,0.02259516343474388,0.00047900167107582095,0.00045640650764107704,0.0004338113442063332
2023-03-30,0.00013039354234933853,0.018418913707137108,0.00011197462864220143,9.355571493506432e-05,7.51368012279272e-05
2023-03-31,-0.0015302840620279312,0.022808678448200226,-0.0015530927404761314,-0.0015759014189243316,-0.0015987100973725318
2023-04-03,0.0004628474125638604,0.03651316836476326,0.00042633424419909714,0.00038982107583433387,0.00035330790746957065
2023-04-04,0.0004809643141925335,0.020693697035312653,0.0004602706171572208,0.0004395769201219082,0.0004188832230865955
2023-04-06,0.0008847126737236977,0.028700832277536392,0.0008560118414461613,0.0008273110091686249,0.0007986101768910885
2023-04-07,0.0016229171305894852,0.02495986968278885,0.0015979572609066963,0.0015729973912239075,0.0015480375215411186
2023-04-10,-0.0009846333414316177,0.028439203277230263,-0.001013072544708848,-0.0010415117479860782,-0.0010699509512633084
2023-04-11,0.0005205664783716202,0.026656540110707283,0.0004939099382609129,0.0004672533981502056,0.0004405968580394983
2023-04-12,0.0015266397967934608,0.019738543778657913,0.0015069012530148028,0.001487162709236145,0.001467424165457487
2023-04-13,-0.0006630560383200645,0.037907302379608154,-0.0007009633406996727,-0.0007388706430792809,-0.000776777945458889
2023-04-14,0.0014686123467981815,0.038961298763751984,0.0014296510480344296,0.0013906897492706775,0.0013517284505069256
2023-04-17,0.00019977637566626072,0.03674007207155228,0.00016303630359470843,0.00012629623152315617,8.955615945160389e-05
2023-04-18,0.0008409158326685429,0.030148504301905632,0.0008107673283666373,0.0007806188240647316,0.000750470319762826
2023-04-19,0.0008885436691343784,0.022815190255641937,0.0008657284788787365,0.0008429132886230945,0.0008200980983674526
2023-04-20,0.0003200508654117584,0.03518576920032501,0.0002848650962114334,0.0002496793270111084,0.00021449355781078338
2023-04-21,-0.0005969824269413948,0.034813422709703445,-0.0006317958496510983,-0.0006666092723608017,-0.0007014226950705051
2023-04-24,0.0005171261727809906,0.037461794912815094,0.00047966437786817553,0.0004422025829553604,0.0004047407880425453
2023-04-25,0.0013697780668735504,0.05078612267971039,0.0013189919441938401,0.0012682058215141296,0.0012174196988344193
2023-04-26,0.002114567905664444,0.05115889757871628,0.002063409008085728,0.0020122501105070112,0.001961091212928295
2023-04-27,-0.00047328416258096695,0.04108240082859993,-0.0005143665634095669,-0.0005554489642381668,-0.0005965313650667667
2023-04-28,0.00012142863124608994,0.05677344650030136,6.465518474578857e-05,7.881738245487218e-06,-4.8891708254814135e-05
2023-05-04,0.00042230263352394104,0.028418453643098474,0.0003938841798808426,0.0003654657262377441,0.00033704727259464563
2023-05-05,-0.0006184130907058716,0.0576672165771015,-0.0006760803072829731,-0.0007337475238600745,-0.000791414740437176
2023-05-08,0.0009176796302199364,0.050576306879520416,0.000867103323340416,0.0008165270164608955,0.0007659507095813752
2023-05-09,0.00016804994083940983,0.05363971367478371,0.00011441022716462612,6.077051348984242e-05,7.130799815058714e-06
2023-05-10,0.0015268797287717462,0.04766910523176193,0.0014792106235399843,0.0014315415183082222,0.0013838724130764604
2023-05-11,0.0009843762964010239,0.044985972344875336,0.0009393903240561486,0.0008944043517112732,0.0008494183793663979
2023-05-12,-0.0002985624596476555,0.046046823263168335,-0.00034460928291082384,-0.00039065610617399215,-0.0004367029294371605
2023-05-15,0.0004396531730890274,0.029834892600774765,0.00040981828048825263,0.00037998338788747786,0.00035014849528670314
2023-05-16,0.00015259115025401115,0.03613849729299545,0.0001164526529610157,8.031415566802025e-05,4.417565837502479e-05
2023-05-17,5.577271804213524e-05,0.04897027462720871,6.802443414926528e-06,-4.216783121228218e-05,-9.113810583949089e-05
2023-05-18,-0.0002898983657360077,0.04018164426088333,-0.000330080009996891,-0.00037026165425777435,-0.0004104432985186577
2023-05-19,0.0004664252046495676,0.03155893832445145,0.00043486626632511616,0.0004033073280006647,0.00037174838967621326
2023-05-22,0.000979357399046421,0.03360256552696228,0.0009457548335194588,0.0009121522679924965,0.0008785497024655343
2023-05-23,-0.000845858477987349,0.03398671746253967,-0.0008798451954498887,-0.0009138319129124284,-0.0009478186303749681
2023-05-24,0.0001473723677918315,0.019476134330034256,0.00012789623346179724,0.00010842009913176299,8.894396480172874e-05
2023-05-25,6.744964048266411e-05,0.03447793051600456,3.2971709966659545e-05,-1.5062205493450177e-06,-3.5984151065349574e-05
2023-05-26,0.00012007053010165691,0.03355984389781952,8.651068620383739e-05,5.2950842306017875e-05,1.9390998408198363e-05
2023-05-29,-0.00019639404490590096,0.026436015963554382,-0.00022283006086945534,-0.00024926607683300973,-0.0002757020927965641
2023-05-30,-0.0003141039051115513,0.01925063692033291,-0.0003333545420318842,-0.0003526051789522171,-0.00037185581587255
2023-05-31,-0.000272657023742795,0.018588963896036148,-0.00029124598763883116,-0.00030983495153486727,-0.00032842391543090344
2023-06-01,0.00025035440921783447,0.039497844874858856,0.0002108565643429756,0.00017135871946811676,0.0001318608745932579
2023-06-02,0.00031769205816090107,0.028805777430534363,0.0002888862807303667,0.00026008050329983236,0.000231274725869298
2023-06-05,0.0006850305944681168,0.027798857539892197,0.0006572317369282246,0.0006294328793883324,0.0006016340218484401
2023-06-06,-0.00024272623704746366,0.028988204896450043,-0.0002717144419439137,-0.00030070264684036374,-0.0003296908517368138
2023-06-07,0.00045019015669822693,0.03216708451509476,0.0004180230721831322,0.0003858559876680374,0.00035368890315294263
2023-06-08,-0.0005707275122404099,0.03792411834001541,-0.0006086516305804253,-0.0006465757489204407,-0.000684499867260456
2023-06-09,0.0004904177039861679,0.1968583062977121,0.00029355939768845583,9.670109139074375e-05,-0.00010015721490696833
2023-06-12,-0.0009075512643903494,0.01863664761185646,-0.0009261879120022058,-0.0009448245596140623,-0.0009634612072259188
2023-06-13,0.0005463920533657074,0.035584285855293274,0.0005108077675104141,0.00047522348165512083,0.00043963919579982755
2023-06-14,0.0010178396478295326,0.03355356305837631,0.0009842860847711563,0.00095073252171278,0.0009171789586544037
2023-06-15,-0.0008754674345254898,0.03660797327756882,-0.0009120754078030586,-0.0009486833810806274,-0.0009852913543581963
2023-06-16,-0.0007203260902315378,0.03574099764227867,-0.0007560670878738165,-0.0007918080855160951,-0.0008275490831583739
2023-06-19,7.794995326548815e-06,0.03542256279615685,-2.762756746960804e-05,-6.305013026576489e-05,-9.847269306192175e-05
2023-06-20,0.0023381225764751434,0.024802986532449722,0.0023133195899426935,0.002288516603410244,0.002263713616877794
2023-06-21,0.0012312382459640503,0.03263792768120766,0.0011986003182828425,0.001165962390601635,0.0011333244629204273
2023-06-26,-0.0002585332840681076,0.04722842574119568,-0.0003057617098093033,-0.00035299013555049896,-0.00040021856129169464
2023-06-27,0.0010299691930413246,0.15904345916351303,0.0008709257338778116,0.0007118822747142986,0.0005528388155507855
2023-06-28,0.00015729060396552086,0.05146946758031845,0.00010582113638520241,5.435166880488396e-05,2.8822012245654973e-06
2023-06-29,0.0003725346177816391,0.03117845207452774,0.00034135616570711135,0.0003101777136325836,0.00027899926155805586
2023-06-30,0.0002274148864671588,0.028769392520189285,0.00019864549394696951,0.00016987610142678023,0.00014110670890659093
2023-07-03,0.00016088690608739853,0.043016038835048676,0.00011787086725234986,7.485482841730117e-05,3.1838789582252515e-05
2023-07-04,0.0007979273796081543,0.046120792627334595,0.0007518065869808197,0.0007056857943534851,0.0006595650017261505
2023-07-05,-9.235949255526066e-05,0.042737796902656555,-0.0001350972894579172,-0.00017783508636057377,-0.0002205728832632303
2023-07-06,0.0014807134866714478,0.035724855959415436,0.0014449886307120324,0.0014092637747526169,0.0013735389187932013
2023-07-07,-6.741075776517391e-05,0.03588946908712387,-0.00010330022685229779,-0.00013918969593942166,-0.0001750791650265455
2023-07-10,0.0001655183732509613,0.04000579193234444,0.00012551258131861687,8.550678938627243e-05,4.550099745392799e-05
2023-07-11,0.0006322721019387245,0.031674232333898544,0.000600597869604826,0.0005689236372709275,0.0005372494049370288
2023-07-12,5.17871230840683e-05,0.03921729326248169,1.256982982158661e-05,-2.664746344089508e-05,-6.586475670337678e-05
2023-07-13,0.0011292087147012353,0.044596731662750244,0.0010846119830384851,0.0010400152513757347,0.0009954185197129845
2023-07-14,0.0007887165993452072,0.032769229263067245,0.0007559473700821399,0.0007231781408190728,0.0006904089115560055
2023-07-17,-3.4666911233216524e-05,0.02659715712070465,-6.126406835392117e-05,-8.786122547462582e-05,-0.00011445838259533048
2023-07-18,0.0005339893978089094,0.02773435413837433,0.0005062550436705351,0.00047852068953216077,0.0004507863353937864
2023-07-19,0.0001908978447318077,0.03125413507223129,0.0001596437096595764,0.00012838957458734512,9.713543951511384e-05
2023-07-20,0.000336374097969383,0.0373225063085556,0.0002990515916608274,0.0002617290853522718,0.0002244065790437162
2023-07-21,0.0008022236870601773,0.04083845764398575,0.0007613852294161916,0.0007205467717722058,0.0006797083141282201
2023-07-24,-0.00015562400221824646,0.02837487682700157,-0.00018399887904524805,-0.0002123737558722496,-0.00024074863269925116
2023-07-25,3.0142255127429962e-05,0.028526993468403816,1.6152616590261457e-06,-2.691173180937767e-05,-5.5438725277781484e-05
2023-07-26,-0.00011035148054361343,0.02934243530035019,-0.00013969391584396363,-0.0001690363511443138,-0.000198378786444664
2023-07-27,0.0011642901226878166,0.026075690984725952,0.0011382144317030906,0.0011121387407183646,0.0010860630497336388
2023-07-28,-0.0002141040749847889,0.04795599299393474,-0.0002620600679787236,-0.0003100160609726584,-0.00035797205396659315
2023-07-31,0.0010069676209241152,0.028434794396162033,0.0009785328265279531,0.0009500980321317911,0.0009216632377356291
2023-08-01,0.0002107406035065651,0.024729156866669655,0.00018601144663989543,0.0001612822897732258,0.00013655313290655613
2023-08-02,0.0003074450069107115,0.03767736628651619,0.0002697676406241953,0.00023209027433767916,0.00019441290805116294
2023-08-03,-0.00018514785915613174,0.04593905806541443,-0.00023108691722154617,-0.0002770259752869606,-0.00032296503335237504
2023-08-04,-9.294552728533745e-05,0.043114081025123596,-0.00013605960831046104,-0.00017917368933558463,-0.00022228777036070824
2023-08-07,0.0010315719991922379,0.03441105782985687,0.000997160941362381,0.0009627498835325241,0.0009283388257026673
2023-08-08,0.00017207395285367966,0.03173404186964035,0.0001403399109840393,0.00010860586911439896,7.68718272447586e-05
2023-08-09,-0.00013558543287217617,0.037111252546310425,-0.0001726966854184866,-0.00020980793796479704,-0.00024691919051110744
2023-08-10,0.000276198610663414,0.03433176875114441,0.0002418668419122696,0.00020753507316112517,0.00017320330440998076
2023-08-11,0.0002962062135338783,0.041573017835617065,0.00025463319569826124,0.0002130601778626442,0.00017148716002702712
2023-08-14,0.0005689347162842751,0.024172695353627205,0.0005447620209306478,0.0005205893255770207,0.0004964166302233934
2023-08-15,0.00018798001110553741,0.032915227115154266,0.00015506478399038314,0.00012214955687522887,8.923432976007461e-05
2023-08-16,0.0006169890984892845,0.036689016968011856,0.0005803000815212727,0.0005436110645532608,0.0005069220475852489
2023-08-17,0.0006209015846252441,0.03971073776483536,0.0005811908468604088,0.0005414801090955734,0.0005017693713307381
2023-08-18,-0.000163935124874115,0.029977668076753616,-0.00019391279295086862,-0.00022389046102762222,-0.0002538681291043758
2023-08-21,-8.448027074337006e-06,0.030710702762007713,-3.915872983634472e-05,-6.986943259835244e-05,-0.00010058013536036014
2023-08-22,0.0014304332435131073,0.03687229007482529,0.001393560953438282,0.0013566886633634568,0.0013198163732886315
2023-08-23,0.0001748977228999138,0.039434537291526794,0.000135463185608387,9.60286483168602e-05,5.659411102533341e-05
2023-08-24,0.0014806371182203293,0.03842084854841232,0.001442216269671917,0.0014037954211235046,0.0013653745725750923
2023-08-25,0.000157075934112072,0.038697466254234314,0.00011837846785783767,7.968100160360336e-05,4.098353534936905e-05
2023-08-28,-0.00016007013618946075,0.04973377287387848,-0.00020980390906333925,-0.00025953768193721775,-0.0003092714548110962
2023-08-29,-1.9797123968601227e-05,0.05101638287305832,-7.081350684165955e-05,-0.00012182988971471786,-0.00017284627258777618
2023-08-30,-2.620648592710495e-05,0.055402349680662155,-8.160883560776711e-05,-0.00013701118528842927,-0.0001924135349690914
2023-08-31,0.0004756931448355317,0.0440555065870285,0.0004316376382485032,0.0003875821316614747,0.00034352662507444623
2023-09-01,-0.00017945654690265656,0.03921250253915787,-0.00021866904944181442,-0.0002578815519809723,-0.0002970940545201302
2023-09-04,0.00011215312406420708,0.030497953295707703,8.165517076849937e-05,5.115721747279167e-05,2.065926417708397e-05
2023-09-05,-0.0009864512830972672,0.048169758170843124,-0.0010346210412681103,-0.0010827907994389533,-0.0011309605576097965
2023-09-06,0.0002926550805568695,0.041915230453014374,0.00025073985010385513,0.00020882461965084076,0.0001669093891978264
2023-09-07,-0.00020579923875629902,0.0469784289598465,-0.00025277766771614554,-0.000299756096675992,-0.0003467345256358385
2023-09-08,0.0004939623177051544,0.02343270182609558,0.0004705296158790588,0.00044709691405296327,0.00042366421222686767
2023-09-11,0.000408968364354223,0.02273096702992916,0.00038623739732429385,0.0003635064302943647,0.0003407754632644355
2023-09-12,0.00020034052431583405,0.03602629154920578,0.00016431423276662828,0.00012828794121742248,9.22616496682167e-05
2023-09-13,0.0002575297839939594,0.0315854549407959,0.00022594432905316352,0.0001943588741123676,0.00016277341917157173
2023-09-14,-0.00013403885532170534,0.025022853165864944,-0.0001590617084875703,-0.00018408456165343524,-0.00020910741481930015
2023-09-15,0.00030896917451173067,0.04640214890241623,0.00026256702560931443,0.0002161648767068982,0.00016976272780448197
2023-09-18,0.0001181289553642273,0.03722165524959564,8.090730011463165e-05,4.368564486503602e-05,6.463989615440371e-06
2023-09-19,0.00046721287071704865,0.0304242093116045,0.00043678866140544416,0.0004063644520938397,0.00037594024278223513
2023-09-20,0.00019199494272470474,0.046003710478544235,0.0001459912322461605,9.998752176761627e-05,5.398381128907204e-05
2023-09-21,-1.5048310160636902e-05,0.05303957313299179,-6.808788329362868e-05,-0.00012112745642662048,-0.00017416702955961227
2023-09-22,-0.00022206082940101624,0.038554880768060684,-0.00026061571016907693,-0.0002991705909371376,-0.0003377254717051983
2023-09-25,0.0007569054141640663,0.02664618380367756,0.0007302592303603888,0.0007036130465567112,0.0006769668627530336
2023-09-26,0.00020502880215644836,0.04470977932214737,0.00016031902283430099,0.00011560924351215362,7.089946419000626e-05
2023-09-27,0.0004574083723127842,0.05368715524673462,0.0004037212170660496,0.00035003406181931496,0.0002963469065725803
2023-09-28,-5.534966476261616e-05,0.048483021557331085,-0.00010383268631994724,-0.00015231570787727831,-0.00020079872943460942
2023-10-09,-0.0006314706988632679,0.05402315780520439,-0.0006854938566684723,-0.0007395170144736767,-0.0007935401722788811
2023-10-10,0.0005589558277279139,0.07146205008029938,0.00048749377764761446,0.00041603172756731507,0.00034456967748701573
2023-10-11,-0.0010315659455955029,0.05866740271449089,-0.0010902333483099938,-0.0011489007510244846,-0.0012075681537389756
2023-10-12,-0.00019446318037807941,0.03751271322835237,-0.00023197589360643179,-0.00026948860683478416,-0.00030700132006313653
2023-10-13,-0.0003949832171201706,0.043851714581251144,-0.0004388349317014217,-0.00048268664628267285,-0.000526538360863924
2023-10-16,0.0005656885914504528,0.05272230505943298,0.0005129662863910198,0.00046024398133158684,0.0004075216762721538
2023-10-17,-0.0006629489362239838,0.04108799993991852,-0.0007040369361639023,-0.0007451249361038208,-0.0007862129360437394
2023-10-18,-8.332356810569763e-05,0.030129969120025635,-0.00011345353722572327,-0.0001435835063457489,-0.00017371347546577454
2023-10-19,0.0006720451638102531,0.06436940282583237,0.0006076757609844208,0.0005433063581585884,0.00047893695533275606
2023-10-20,-0.0006926432251930237,0.04512438178062439,-0.0007377676069736481,-0.0007828919887542724,-0.0008280163705348968
2023-10-23,0.0007854187861084938,0.04601407051086426,0.0007394047155976296,0.0006933906450867653,0.000647376574575901
2023-10-24,-0.00018641166388988495,0.044017478823661804,-0.00023042914271354675,-0.00027444662153720855,-0.00031846410036087035
2023-10-25,0.0007495046593248844,0.05812092870473862,0.0006913837306201458,0.0006332628019154072,0.0005751418732106685
2023-10-26,0.00105290487408638,0.06007769703865051,0.0009928271770477295,0.000932749480009079,0.0008726717829704285
2023-10-27,-0.0005203699693083763,0.040403589606285095,-0.0005607735589146614,-0.0006011771485209465,-0.0006415807381272316
2023-10-30,7.134443148970604e-05,0.04572410136461258,2.5620330125093463e-05,-2.0103771239519114e-05,-6.582787260413171e-05
2023-10-31,0.0004448393592610955,0.028760388493537903,0.0004160789707675576,0.00038731858227401974,0.0003585581937804818
2023-11-01,0.0003735395148396492,0.04301184043288231,0.00033052767440676687,0.0002875158339738846,0.00024450399354100226
2023-11-02,-0.0006103748455643654,0.047092318534851074,-0.0006574671640992164,-0.0007045594826340675,-0.0007516518011689186
2023-11-03,-0.001272374764084816,0.041253045201301575,-0.0013136278092861177,-0.0013548808544874191,-0.0013961338996887206
2023-11-06,-0.00044788490049540997,0.05860491096973419,-0.0005064898114651442,-0.0005650947224348783,-0.0006236996334046125
2023-11-07,-0.0004894726444035769,0.06435230374336243,-0.0005538249481469393,-0.0006181772518903017,-0.0006825295556336642
2023-11-08,0.0007522404193878174,0.04310891777276993,0.0007091315016150475,0.0006660225838422775,0.0006229136660695076
2023-11-09,2.7442118152976036e-05,0.05751422047615051,-3.0072102323174476e-05,-8.758632279932499e-05,-0.0001451005432754755
2023-11-10,-0.0009137997403740883,0.04861243814229965,-0.0009624121785163879,-0.0010110246166586876,-0.0010596370548009873
2023-11-13,2.5960616767406464e-06,0.035432957112789154,-3.2836895436048506e-05,-6.826985254883766e-05,-0.00010370280966162681
2023-11-14,0.0002605253830552101,0.03941928967833519,0.0002211060933768749,0.00018168680369853973,0.00014226751402020456
2023-11-15,-0.00030408427119255066,0.03573860973119736,-0.000339822880923748,-0.0003755614906549454,-0.0004113001003861427
2023-11-16,0.0010780831798911095,0.029736995697021484,0.001048346184194088,0.0010186091884970664,0.000988872192800045
2023-11-17,0.00036396831274032593,0.04592495039105415,0.0003180433623492718,0.0002721184119582176,0.00022619346156716347
2023-11-20,0.0007574534974992275,0.030159667134284973,0.0007272938303649426,0.0006971341632306576,0.0006669744960963726
2023-11-21,0.00031202007085084915,0.05348443612456322,0.0002585356347262859,0.00020505119860172273,0.0001515667624771595
2023-11-22,0.0008339537307620049,0.037045106291770935,0.0007969086244702339,0.000759863518178463,0.000722818411886692
2023-11-23,0.0009325612336397171,0.029332857578992844,0.0009032283760607243,0.0008738955184817314,0.0008445626609027386
2023-11-24,0.00038685344043187797,0.03399816837950631,0.00035285527205237163,0.00031885710367286535,0.00028485893529335907
2023-11-27,0.00037166429683566093,0.03782866895198822,0.0003338356278836727,0.0002960069589316845,0.00025817828997969625
2023-11-28,0.0001089833676815033,0.04928874224424362,5.9694625437259676e-05,1.0405883193016056e-05,-3.888285905122757e-05
2023-11-29,0.00012829992920160294,0.04885341227054596,7.944651693105699e-05,3.059310466051102e-05,-1.8260307610034942e-05
2023-11-30,-0.0006970423273742199,0.06870106607675552,-0.0007657433934509754,-0.0008344444595277309,-0.0009031455256044865
2023-12-01,0.0003908434882760048,0.039116740226745605,0.00035172674804925916,0.0003126100078225136,0.000273493267595768
2023-12-04,0.00010357983410358429,0.03985729068517685,6.372254341840744e-05,2.3865252733230586e-05,-1.5992037951946265e-05
2023-12-05,0.00012183235958218575,0.04414551705121994,7.76868425309658e-05,3.354132547974587e-05,-1.0604191571474066e-05
2023-12-06,0.000924814841710031,0.03667040914297104,0.00088814443256706,0.0008514740234240889,0.000814803614281118
2023-12-07,-0.0008029555901885033,0.03239719569683075,-0.0008353527858853341,-0.0008677499815821647,-0.0009001471772789955
2023-12-08,0.00014078617095947266,0.2527051124713464,-0.00011191894151187375,-0.00036462405398322015,-0.0006173291664545665
2023-12-11,-0.00012126570800319314,0.04466430842876434,-0.00016593001643195747,-0.00021059432486072183,-0.00025525863328948613
2023-12-12,0.00045784376561641693,0.05493435636162758,0.00040290940925478936,0.0003479750528931618,0.0002930406965315342
2023-12-13,0.00045761954970657825,0.04708491638302803,0.00041053463332355023,0.0003634497169405222,0.0003163648005574942
2023-12-14,-0.000319015234708786,0.03896292671561241,-0.00035797816142439843,-0.00039694108814001085,-0.0004359040148556232
2023-12-15,0.0006506536155939102,0.04127443954348564,0.0006093791760504246,0.0005681047365069389,0.0005268302969634532
2023-12-18,-0.0005978921544738114,0.0431191623210907,-0.0006410113167949021,-0.0006841304791159928,-0.0007272496414370835
2023-12-19,0.0013307631015777588,0.04005088657140732,0.0012907122150063515,0.001250661328434944,0.0012106104418635368
2023-12-20,-0.0002724495716392994,0.04140913113951683,-0.00031385870277881624,-0.0003552678339183331,-0.00039667696505784987
2023-12-21,0.0002870159223675728,0.027262873947620392,0.0002597530484199524,0.000232490174472332,0.0002052273005247116
2023-12-22,0.00040231976890936494,0.1642019596110913,0.00023811780929827364,7.391584968718235e-05,-9.028610992390892e-05
2023-12-25,0.0006210682913661003,0.0477629080414772,0.0005733053833246231,0.0005255424752831459,0.0004777795672416687
2023-12-26,0.0001377379521727562,0.04450506716966629,9.323288500308991e-05,4.872781783342362e-05,4.2227506637573244e-06
2023-12-27,-0.0006257221102714539,0.03918283432722092,-0.0006649049445986748,-0.0007040877789258957,-0.0007432706132531166
2023-12-28,0.00011564791202545166,0.033389490097761154,8.22584219276905e-05,4.886893182992935e-05,1.5479441732168197e-05
2023-12-29,0.0007051760330796242,0.059854909777641296,0.0006453211233019829,0.0005854662135243416,0.0005256113037467003
2024-01-02,0.00018587708473205566,0.04189334809780121,0.00014398373663425444,0.00010209038853645325,6.019704043865203e-05
2024-01-03,0.0009132400155067444,0.030470620840787888,0.0008827693946659565,0.0008522987738251686,0.0008218281529843807
2024-01-04,0.0008533000946044922,0.04288575053215027,0.0008104143440723419,0.0007675285935401917,0.0007246428430080414
2024-01-05,-0.00034326687455177307,0.02833220176398754,-0.0003715990763157606,-0.00039993127807974816,-0.0004282634798437357
2024-01-08,0.0008323271758854389,0.052242349833250046,0.0007800848260521889,0.0007278424762189389,0.0006756001263856887
2024-01-09,0.0007717795670032501,0.05936650186777115,0.000712413065135479,0.0006530465632677079,0.0005936800613999366
2024-01-10,-0.0003745816648006439,0.045659784227609634,-0.00042024144902825356,-0.0004659012332558632,-0.0005115610174834728
2024-01-11,0.0005765790119767189,0.050403449684381485,0.0005261755622923374,0.0004757721126079559,0.00042536866292357446
2024-01-12,-0.0004983954131603241,0.039455167949199677,-0.0005378505811095238,-0.0005773057490587234,-0.0006167609170079231
2024-01-15,-0.00014503509737551212,0.04516978561878204,-0.00019020488299429416,-0.0002353746686130762,-0.00028054445423185827
2024-01-16,0.0005886182188987732,0.03276354819536209,0.0005558546707034112,0.000523091122508049,0.000490327574312687
2024-01-17,-0.0014653136022388935,0.048346079885959625,-0.0015136596821248532,-0.0015620057620108127,-0.0016103518418967724
2024-01-18,0.0008957535028457642,0.040248673409223557,0.0008555048294365406,0.000815256156027317,0.0007750074826180935
2024-01-19,-0.000245898962020874,0.039275944232940674,-0.0002851749062538147,-0.00032445085048675535,-0.00036372679471969606
2024-01-22,0.000150265172123909,0.04179926589131355,0.00010846590623259545,6.666664034128189e-05,2.486737444996835e-05
2024-01-23,0.0006556622684001923,0.030231084674596786,0.0006254311837255955,0.0005952000990509987,0.0005649690143764019
2024-01-24,0.0005981847643852234,0.03251274675130844,0.000565672017633915,0.0005331592708826066,0.000500646524131298
2024-01-25,0.0005377242341637611,0.046753089874982834,0.0004909711442887783,0.0004442180544137955,0.00039746496453881263
2024-01-26,0.002367304638028145,0.04580172896385193,0.002321502909064293,0.002275701180100441,0.002229899451136589
2024-01-29,0.00036566704511642456,0.042128972709178925,0.0003235380724072456,0.0002814090996980667,0.00023928012698888777
2024-01-30,-0.00022013485431671143,0.03904077038168907,-0.0002591756246984005,-0.00029821639508008954,-0.00033725716546177865
2024-01-31,-0.0007183821871876717,0.04036068916320801,-0.0007587428763508796,-0.0007991035655140877,-0.0008394642546772957
2024-02-01,-0.0006246082484722137,0.042079586535692215,-0.0006666878350079059,-0.0007087674215435982,-0.0007508470080792904
2024-02-02,0.0015191026031970978,0.04177846759557724,0.0014773241356015206,0.0014355456680059434,0.001393767200410366
2024-02-05,-0.0008320659399032593,0.07073149085044861,-0.0009027974307537079,-0.0009735289216041565,-0.0010442604124546052
2024-02-06,0.0012940242886543274,0.0827508419752121,0.0012112734466791153,0.0011285226047039031,0.001045771762728691
2024-02-07,0.0002512633800506592,0.07152402400970459,0.00017973935604095458,0.00010821533203125001,3.669130802154541e-05
2024-02-08,-0.0020209099166095257,0.03858743607997894,-0.0020594973526895047,-0.0020980847887694834,-0.0021366722248494625
2024-02-19,-4.3745385482907295e-05,0.034286126494407654,-7.803151197731495e-05,-0.0001123176384717226,-0.00014660376496613024
2024-02-20,0.0006929980590939522,0.04073554277420044,0.0006522625163197517,0.0006115269735455513,0.0005707914307713508
2024-02-21,-0.0012360448017716408,0.03338245674967766,-0.0012694272585213183,-0.0013028097152709961,-0.0013361921720206737
2024-02-22,-0.0005278028547763824,0.04439516365528107,-0.0005721980184316635,-0.0006165931820869446,-0.0006609883457422256
2024-02-23,0.0001252591609954834,0.027795497328042984,9.746366366744042e-05,6.966816633939744e-05,4.187266901135445e-05
2024-02-26,-0.0016765277832746506,0.03358696028590202,-0.0017101147435605525,-0.0017437017038464547,-0.0017772886641323567
2024-02-27,0.002526644617319107,0.04023996368050575,0.0024864046536386014,0.0024461646899580957,0.00240592472627759
2024-02-28,-0.002179183065891266,0.027720246464014053,-0.0022069033123552797,-0.002234623558819294,-0.002262343805283308
2024-02-29,-0.0010046744719147682,0.05510518699884415,-0.0010597796589136123,-0.0011148848459124564,-0.0011699900329113007
2024-03-01,-0.0008874647319316864,0.04590926319360733,-0.0009333739951252937,-0.000979283258318901,-0.0010251925215125084
2024-03-04,-0.00018083583563566208,0.02766215242445469,-0.00020849798806011678,-0.00023616014048457145,-0.00026382229290902617
2024-03-05,0.000139506533741951,0.027990957722067833,0.00011151557601988315,8.352461829781531e-05,5.553366057574749e-05
2024-03-06,0.0022122468799352646,0.031931448727846146,0.0021803154312074182,0.0021483839824795723,0.002116452533751726
2024-03-07,-0.0005523301661014557,0.04115032032132149,-0.0005934804864227771,-0.0006346308067440987,-0.0006757811270654201
2024-03-08,-0.0008598603308200836,0.025833796709775925,-0.0008856941275298595,-0.0009115279242396354,-0.0009373617209494113
2024-03-11,0.00015718722715973854,0.03262626752257347,0.00012456095963716507,9.19346921145916e-05,5.930842459201813e-05
2024-03-12,-0.0002804049290716648,0.04467238113284111,-0.0003250773102045059,-0.000369749691337347,-0.0004144220724701882
2024-03-13,0.0012676455080509186,0.04301122575998306,0.0012246342822909355,0.0011816230565309524,0.0011386118307709695
2024-03-14,-0.0002732928842306137,0.025992263108491898,-0.0002992851473391056,-0.0003252774104475975,-0.0003512696735560894
2024-03-15,-0.0007681380957365036,0.04605039954185486,-0.0008141884952783585,-0.0008602388948202133,-0.0009062892943620682
2024-03-18,0.0003943992778658867,0.039426401257514954,0.0003549728766083717,0.00031554647535085676,0.00027612007409334185
2024-03-19,1.9688159227371216e-05,0.026782244443893433,-7.094085216522217e-06,-3.387632966041565e-05,-6.065857410430908e-05
2024-03-20,0.0006166425300762057,0.01586592197418213,0.0006007766081020236,0.0005849106861278415,0.0005690447641536593
2024-03-21,-0.0003408566117286682,0.03620746731758118,-0.0003770640790462494,-0.0004132715463638306,-0.0004494790136814117
2024-03-22,0.001514185220003128,0.029699526727199554,0.0014844856932759284,0.001454786166548729,0.0014250866398215294
2024-03-25,0.000838421517983079,0.022298341616988182,0.0008161231763660908,0.0007938248347491026,0.0007715264931321144
2024-03-26,0.002247035503387451,0.032735880464315414,0.0022142996229231357,0.00218156374245882,0.002148827861994505
2024-03-27,-0.002469681203365326,0.03980346769094467,-0.0025094846710562706,-0.0025492881387472154,-0.00258909160643816
2024-03-28,0.0015591494739055634,0.04827287048101425,0.001510876603424549,0.001462603732943535,0.0014143308624625206
2024-03-29,8.649937808513641e-05,0.04735361039638519,3.914576768875122e-05,-8.207842707633978e-06,-5.5561453104019154e-05
2024-04-01,0.0020435818005353212,0.04671814292669296,0.0019968636576086283,0.0019501455146819352,0.0019034273717552423
2024-04-02,0.0013424600474536419,0.03227319195866585,0.0013101868554949762,0.0012779136635363102,0.0012456404715776442
2024-04-03,0.00022993236780166626,0.04153001680970192,0.00018840235099196434,0.00014687233418226241,0.00010534231737256049
2024-04-08,0.000327124260365963,0.02865416370332241,0.00029847009666264057,0.00026981593295931816,0.00024116176925599575
2024-04-09,0.0010636672377586365,0.04362724721431732,0.0010200399905443192,0.0009764127433300018,0.0009327854961156846
2024-04-10,0.0019242207054048777,0.04465305805206299,0.0018795676473528148,0.0018349145893007516,0.0017902615312486887
2024-04-11,0.0005519581027328968,0.04795413464307785,0.000504003968089819,0.00045604983344674113,0.0004080956988036633
2024-04-12,0.0009104125201702118,0.056730717420578,0.0008536818027496338,0.0007969510853290558,0.0007402203679084778
2024-04-15,0.001376040279865265,0.05294456332921982,0.0013230957165360452,0.0012701511532068252,0.0012172065898776055
2024-04-16,-0.0008824579417705536,0.04345565661787987,-0.0009259135983884334,-0.0009693692550063134,-0.001012824911624193
2024-04-17,0.00010788801591843367,0.05233720690011978,5.5550809018313884e-05,3.2136021181941013e-06,-4.912360478192567e-05
2024-04-18,-0.0002914231736212969,0.05924827605485916,-0.00035067144967615606,-0.00040991972573101523,-0.00046916800178587435
2024-04-19,-5.492009222507477e-05,0.05318538844585419,-0.00010810548067092895,-0.00016129086911678312,-0.00021447625756263733
2024-04-22,-0.00021024839952588081,0.03863769769668579,-0.0002488860972225666,-0.0002875237949192524,-0.0003261614926159382
2024-04-23,-0.0012566838413476944,0.04382088780403137,-0.0013005047291517258,-0.001344325616955757,-0.0013881465047597885
2024-04-24,9.357789531350136e-05,0.05586346983909607,3.7714425474405286e-05,-1.8149044364690786e-05,-7.401251420378685e-05
2024-04-25,-0.0008553396910429001,0.039762943983078,-0.000895102635025978,-0.0009348655790090561,-0.0009746285229921341
2024-04-26,0.0001879427582025528,0.07560141384601593,0.00011234134435653687,3.6739930510520946e-05,-3.8861483335495006e-05
2024-04-29,0.0011772820726037025,0.05831742868758738,0.0011189646439161152,0.0010606472152285278,0.0010023297865409404
2024-04-30,0.0008609052747488022,0.05437061301199719,0.000806534661736805,0.0007521640487248078,0.0006977934357128106
2024-05-06,0.000542213674634695,0.05867417631088756,0.0004835394983238075,0.00042486532201291993,0.00036619114570203234
2024-05-07,0.00104514230042696,0.03172314167022705,0.001013419158756733,0.0009816960170865058,0.0009499728754162788
2024-05-08,0.0009057354182004929,0.05200488120317459,0.0008537305369973183,0.0008017256557941437,0.0007497207745909691
2024-05-09,0.001351174432784319,0.05211525037884712,0.0012990591824054718,0.0012469439320266246,0.0011948286816477775
2024-05-10,0.0003278879448771477,0.06213318599930064,0.00026575475887784705,0.00020362157287854638,0.00014148838687924573
2024-05-13,0.0002768612466752529,0.0339156910777092,0.00024294555559754372,0.00020902986451983453,0.00017511417344212533
2024-05-14,0.0008213883265852928,0.03377000615000725,0.0007876183204352855,0.0007538483142852784,0.0007200783081352711
2024-05-15,-8.427957072854042e-05,0.04973984882235527,-0.00013401941955089569,-0.00018375926837325095,-0.00023349911719560624
2024-05-16,0.0002321917563676834,0.029002096503973007,0.0002031896598637104,0.0001741875633597374,0.00014518546685576437
2024-05-17,-0.00022645480930805206,0.027382422238588333,-0.0002538372315466404,-0.00028121965378522873,-0.00030860207602381707
2024-05-20,0.00014247745275497437,0.046151623129844666,9.63258296251297e-05,5.0174206495285034e-05,4.0225833654403554e-06
2024-05-21,-5.6616729125380516e-05,0.04917270690202713,-0.00010578943602740765,-0.00015496214292943478,-0.0002041348498314619
2024-05-22,0.00039218179881572723,0.053104642778635025,0.00033907715603709223,0.00028597251325845717,0.00023286787047982217
2024-05-23,0.0014182031154632568,0.02823459357023239,0.0013899685218930243,0.001361733928322792,0.0013334993347525596
2024-05-24,0.0004922822117805481,0.0638546641857829,0.0004284275475947652,0.0003645728834089823,0.00030071821922319944
2024-05-27,0.0005766553804278374,0.02798653207719326,0.0005486688483506441,0.0005206823162734509,0.0004926957841962577
2024-05-28,-4.6084984205663204e-05,0.030706319957971573,-7.679130416363478e-05,-0.00010749762412160636,-0.0001382039440795779
2024-05-29,-1.8113525584340096e-05,0.04662943631410599,-6.474296189844608e-05,-0.00011137239821255208,-0.00015800183452665807
2024-05-30,0.00020315684378147125,0.035286933183670044,0.00016786991059780122,0.00013258297741413117,9.729604423046112e-05
2024-05-31,-0.0005139317363500595,0.04007279872894287,-0.0005540045350790024,-0.0005940773338079452,-0.0006341501325368881
2024-06-03,0.00033753179013729095,0.03201370686292648,0.00030551808327436447,0.000273504376411438,0.0002414906695485115
2024-06-04,0.0005219895392656326,0.04858580231666565,0.000473403736948967,0.0004248179346323013,0.00037623213231563566
2024-06-05,0.0002667084336280823,0.04095400497317314,0.00022575442865490914,0.000184800423681736,0.00014384641870856285
2024-06-06,0.00053063640370965,0.042311593890190125,0.0004883248098194599,0.0004460132159292698,0.00040370162203907966
2024-06-07,-0.0019860155880451202,0.05253424495458603,-0.0020385498329997063,-0.0020910840779542923,-0.0021436183229088784
2024-06-11,-0.00020128954201936722,0.0586361400783062,-0.0002599256820976734,-0.0003185618221759796,-0.0003771979622542858
2024-06-12,-0.0004404298961162567,0.05266902223229408,-0.0004930989183485508,-0.0005457679405808449,-0.0005984369628131389
2024-06-13,0.00015292147872969508,0.04714377224445343,0.00010577770648524166,5.8633934240788225e-05,1.149016199633479e-05
2024-06-14,7.930316496640444e-05,0.04007912054657936,3.922404441982508e-05,-8.550761267542783e-07,-4.093419667333365e-05
2024-06-17,9.290315210819244e-05,0.2181276864414468,-0.00012522453433325435,-0.00034335222077470115,-0.000561479907216148
2024-06-18,-0.0005503743886947632,0.0268839281052351,-0.0005772583167999983,-0.0006041422449052334,-0.0006310261730104685
2024-06-19,0.0007590465247631073,0.029830560088157654,0.0007292159646749497,0.000699385404586792,0.0006695548444986344
2024-06-20,-0.00012366785085760057,0.04438019171357155,-0.00016804804257117213,-0.00021242823428474367,-0.0002568084259983152
2024-06-21,0.0003078170120716095,0.03584743291139603,0.0002719695791602135,0.00023612214624881743,0.00020027471333742143
2024-06-24,0.002301616594195366,0.045465610921382904,0.002256150983273983,0.0022106853723526,0.002165219761431217
2024-06-25,-0.0004642195999622345,0.031659021973609924,-0.0004958786219358445,-0.0005275376439094543,-0.0005591966658830643
2024-06-26,0.0006963945925235748,0.04262400418519974,0.0006537705883383751,0.0006111465841531754,0.0005685225799679757
2024-06-27,-0.0001987246796488762,0.06055379658937454,-0.0002592784762382507,-0.0003198322728276253,-0.00038038606941699984
2024-06-28,9.242817759513855e-05,0.04462060332298279,4.780757427215576e-05,3.1869709491729706e-06,-4.143363237380982e-05
